Brand,Rating,NumRatings,NumReviews,Price,RAM,ROM,Display,Processor,Camera,Warranty
OnePlus,4.4,105,10,19999,6.0 GB RAM,128 GB ROM,27.94 cm (11.0 inch) Display,MediaTek Helio G100,5 MP Primary Camera | 5 MP Front,1 Year Manufacturer Warranty
REDMI,4.4,11806,763,12999,6 GB RAM,128 GB ROM,27.94 cm (11.0 inch) Full HD Display,Snapdragon 680,8.0 MP Primary Camera | 5 MP Front,1 Year Domestic Warranty
Lenovo,4.3,5315,361,11749,4 GB RAM,128 GB ROM,27.94 cm (11.0 inch) Display,Mediatek Helio G88,13 MP Primary Camera | 8 MP Front,1 Year Comprehensive Warranty
realme,4.4,33463,2641,28999,6 GB RAM,128 GB ROM,29.21 cm (11.5 inch) Full HD Display,Mediatek G99,8 MP Primary Camera | 5 MP Front,1 Year Domestic Warranty
OnePlus,4.4,105,10,24999,8.0 GB RAM,128 GB ROM,27.94 cm (11.0 inch) Display,MediaTek Helio G100,5 MP Primary Camera | 5 MP Front,1 Year Manufacturer Warranty
REDMI,4.4,11806,763,14999,8 GB RAM,128 GB ROM,27.94 cm (11.0 inch) Full HD Display,Snapdragon 680,8.0 MP Primary Camera | 5 MP Front,1 Year Domestic Warranty
REDMI,4.4,11806,763,11999,4 GB RAM,128 GB ROM,27.94 cm (11.0 inch) Full HD Display,Snapdragon 680,8.0 MP Primary Camera | 5 MP Front,1 Year Domestic Warranty
REDMI,4.4,11806,763,14999,8 GB RAM,128 GB ROM,27.94 cm (11.0 inch) Full HD Display,Snapdragon 680,8.0 MP Primary Camera | 5 MP Front,1 Year Domestic Warranty
Lenovo,4.5,3700,403,18999,8.0 GB RAM,128 GB ROM,29.21 cm (11.5 inch) 2K Display,Mediatek Helio G99,8.0 MP Primary Camera | 8 MP Front,1 Year Warranty from Lenovo
Lenovo,4.3,5315,361,14999,8 GB RAM,128 GB ROM,27.94 cm (11.0 inch) Display,Mediatek Helio G88,13 MP Primary Camera | 8 MP Front,1 Year Comprehensive Warranty
OnePlus,4.5,20770,1322,17999,8 GB RAM,128 GB ROM,28.83 cm (11.35 inch) Display,Mediatek Helio G99,8 MP Primary Camera | 8 MP Front,1 Year Manufacturer Warranty
REDMI,4.4,621,50,15999,6.0 GB RAM,128 GB ROM,27.94 cm (11.0 inch) WQXGA Display,Snapdragon 680,8 Megapixels MP Primary Camera | 5 MP Front,1 Year Brand Warranty
REDMI,4.4,967,76,20999,6.0 GB RAM,128 GB ROM,30.73 cm (12.1 inch) Quad HD Display,Snapdragon 7s Gen 2,8.0 MP Primary Camera | 8 MP Front,1 Year Domestic Warranty
realme,4.4,2954,282,20999,4 GB RAM,128 GB ROM,27.81 cm (10.95 inch) 2K Display,Helio G99 Chipset,8 MP Primary Camera | 5 MP Front,1 Year Domestic Warranty
realme,4.4,6379,516,20999,4 GB RAM,128 GB ROM,27.94 cm (11.0 inch) 2K Display,Helio G99 Chipset,8 MP Primary Camera | 5 MP Front,1 Year Domestic Warranty
Samsung,4.5,31778,1196,18460,8 GB RAM,128 GB ROM,27.94 cm (11.0 inch) WQXGA Display,Snapdragon 695,8 MP Primary Camera | 5 MP Front,Apple One (1) Year Limited Warranty
OnePlus,4.5,20770,1322,21999,8 GB RAM,256 GB ROM,28.83 cm (11.35 inch) Display,Mediatek Helio G99,8.0 MP Primary Camera | 8 MP Front,1 Year Manufacturer Warranty
Samsung,4.5,31778,1196,17999,8 GB RAM,128 GB ROM,27.94 cm (11.0 inch) WQXGA Display,Snapdragon 695,8.0 MP Primary Camera | 5 MP Front,Apple One (1) Year Limited Warranty
Samsung,4.5,31778,1196,24999,8 GB RAM,128 GB ROM,27.94 cm (11.0 inch) WQXGA Display,Snapdragon 695,8.0 MP Primary Camera | 5 MP Front,Apple One (1) Year Limited Warranty
Samsung,4.6,18725,823,32739,8 GB RAM,128 GB ROM,31.5 cm (12.4 Inch) WQXGA Display,Exynos 1380,8.0 MP Primary Camera | 12 MP Front,1 Year Manufacturer Warranty for Device and 6 Months Manufacturer Warranty for In-Box Accessories Including Batteries from the Date of Purchase
REDMI,4.4,4481,326,23999,8.0 GB RAM,128 GB ROM,30.73 cm (12.1 inch) Quad HD Display,Snapdragon 7s Gen 2,8.0 MP Primary Camera | 8 MP Front,1 Year Domestic Warranty
Samsung,4.5,31778,1196,16999,8 GB RAM,128 GB ROM,27.94 cm (11.0 inch) WQXGA Display,QUALCOMM SM6375,8 MP Primary Camera | 5 MP Front,Apple One (1) Year Limited Warranty
REDMI,4.4,11806,763,11999,4 GB RAM,128 GB ROM,27.94 cm (11.0 inch) Full HD Display,Snapdragon 680,8.0 MP Primary Camera | 5 MP Front,1 Year Domestic Warranty
Samsung,4.5,31778,1196,17570,8 GB RAM,128 GB ROM,27.94 cm (11.0 inch) WQXGA Display,QUALCOMM SM6375,8 MP Primary Camera | 5 MP Front,Apple One (1) Year Limited Warranty
REDMI,4.4,621,50,17999,8.0 GB RAM,256 GB ROM,27.94 cm (11.0 inch) WQXGA Display,Snapdragon 680,8 Megapixels MP Primary Camera | 5 MP Front,1 Year Brand Warranty
REDMI,4.3,944,51,10999,4.0 GB RAM,128 GB ROM,22.1 cm (8.7 Inch) HD Display,MediaTek Helio G85,8.0 MP Primary Camera | 5 MP Front,1 Year Domestic Warranty
Lenovo,4.3,5315,361,14999,8 GB RAM,128 GB ROM,27.94 cm (11.0 inch) Display,Mediatek Helio G88,13 MP Primary Camera | 8 MP Front,1 Year Comprehensive Warranty
Lenovo,4.5,3700,403,18999,8.0 GB RAM,128 GB ROM,29.21 cm (11.5 inch) 2K Display,Mediatek Helio G99,8.0 MP Primary Camera | 8 MP Front,1 Year Warranty from Lenovo
realme,4.4,33463,2641,28999,6 GB RAM,128 GB ROM,29.21 cm (11.5 inch) Full HD Display,Mediatek G99,8 MP Primary Camera | 5 MP Front,1 Year Domestic Warranty
realme,4.4,6379,516,24999,8 GB RAM,128 GB ROM,27.94 cm (11.0 inch) 2K Display,Helio G99 Chipset,8 MP Primary Camera | 5 MP Front,1 Year Domestic Warranty
Lenovo,4.3,5315,361,13999,4 GB RAM,128 GB ROM,27.94 cm (11.0 inch) Display,Mediatek Helio G88,13 MP Primary Camera | 8 MP Front,1 Year Comprehensive Warranty
Lenovo,4.4,765,39,16999,8 GB RAM,128 GB ROM,27.94 cm (11.0 inch) Display,MediaTek Helio G88,13 MP Primary Camera | 8 MP Front,1 Year Manufacturer Warranty from the Date of Purchase
realme,4.4,33463,2641,32999,8 GB RAM,256 GB ROM,29.21 cm (11.5 inch) Full HD Display,Mediatek G99,8 MP Primary Camera | 5 MP Front,1 Year Domestic Warranty
OnePlus,4.5,20770,1322,19999,8 GB RAM,128 GB ROM,28.83 cm (11.35 inch) Display,Mediatek Helio G99,8.0 MP Primary Camera | 8 MP Front,1 Year Manufacturer Warranty
REDMI,4.4,4481,326,25999,8.0 GB RAM,256 GB ROM,30.73 cm (12.1 inch) Quad HD Display,Snapdragon 7s Gen 2,8.0 MP Primary Camera | 8 MP Front,1 Year Domestic Warranty
Baatu,4.1,156,21,8199,4 GB RAM,64 GB ROM,25.65 cm (10.1 inch) HD Display,MediaTek,8 MP Primary Camera | 5 MP Front,Apple One (1) Year Limited Warranty
REDMI,4.4,11806,763,12999,6 GB RAM,128 GB ROM,27.94 cm (11.0 inch) Full HD Display,Snapdragon 680,8.0 MP Primary Camera | 5 MP Front,1 Year Domestic Warranty
I,3.3,16,2,9027,4 GB RAM,64 GB ROM,25.4 cm (10 inch) HD Display,MTK6757 Octa core,13 MP Primary Camera | 8 MP Front,1 Year Warranty Against Manufacturing Defects
REDMI,4.4,621,50,17999,8.0 GB RAM,256 GB ROM,27.94 cm (11.0 inch) WQXGA Display,Snapdragon 680,8 Megapixels MP Primary Camera | 5 MP Front,1 Year Brand Warranty
Samsung,4.6,18725,823,54999,8 GB RAM,128 GB ROM,31.5 cm (12.4 Inch) WQXGA Display,Exynos 1380,8.0 MP Primary Camera | 12 MP Front,1 Year Manufacturer Warranty for Device and 6 Months Manufacturer Warranty for In-Box Accessories Including Batteries from the Date of Purchase
Samsung,4.6,18725,823,46999,8 GB RAM,128 GB ROM,31.5 cm (12.4 Inch) WQXGA Display,Exynos 1380,8.0 MP Primary Camera | 12 MP Front,1 Year Manufacturer Warranty for Device and 6 Months Manufacturer Warranty for In-Box Accessories Including Batteries from the Date of Purchase
OnePlus,4.6,7338,573,39999,12 GB RAM,256 GB ROM,29.49 cm (11.61 inch) Display,Mediatek Dimensity 9000,13.0 MP Primary Camera | 8 MP Front,1 Year Manufacturer Warranty
Xiaomi,4.6,14637,1067,41999,8 GB RAM,256 GB ROM,27.94 cm (11.0 inch) Display,Qualcomm Snapdragon 870,13 MP Primary Camera | 8 MP Front,Apple One (1) Year Limited Warranty
OPPO,4.5,105,6,16999,8.0 GB RAM,128 GB ROM,27.81 cm (10.95 inch) WUXGA+ Display,MediaTek Helio G100,5 MP Primary Camera | 5 MP Front,1 Year Warranty on Handset and 6 Months Warranty on Accessories
realme,4.4,6379,516,24999,8 GB RAM,128 GB ROM,27.94 cm (11.0 inch) 2K Display,Helio G99 Chipset,8 MP Primary Camera | 5 MP Front,1 Year Domestic Warranty
Samsung,4.5,31778,1196,14999,4 GB RAM,64 GB ROM,27.94 cm (11.0 inch) WQXGA Display,QUALCOMM SM6375,8.0 MP Primary Camera | 5 MP Front,Apple One (1) Year Limited Warranty
Xiaomi,4.5,846,64,30999,12 GB RAM,256 GB ROM,28.37 cm (11.17 inch) WQXGA+ Display,Snapdragon 7+ Gen 3,13.0 MP Primary Camera | 8 MP Front,1 Year Brand Warranty
Xiaomi,4.5,846,64,27999,8 GB RAM,128 GB ROM,28.37 cm (11.17 inch) WQXGA+ Display,Snapdragon 7+ Gen 3,13.0 MP Primary Camera | 8 MP Front,1 Year Brand Warranty
Lenovo,4.3,5315,361,14999,8 GB RAM,128 GB ROM,27.94 cm (11.0 inch) Display,Mediatek Helio G88,13 MP Primary Camera | 8 MP Front,1 Year Comprehensive Warranty
Lenovo,4.5,3700,403,18999,8.0 GB RAM,128 GB ROM,29.21 cm (11.5 inch) 2K Display,Mediatek Helio G99,8.0 MP Primary Camera | 8 MP Front,1 Year Warranty from Lenovo
Samsung,4.5,3054,161,27890,6 GB RAM,128 GB ROM,27.69 cm (10.9 inch) WQXGA Display,Exynos 1380,8.0 MP Primary Camera | 12 MP Front,1 Year Manufacturer Warranty for Device and 6 Months Manufacturer Warranty for In-Box Accessories Including Batteries from the Date of Purchase
REDMI,4.4,967,76,20999,6.0 GB RAM,128 GB ROM,30.73 cm (12.1 inch) Quad HD Display,Snapdragon 7s Gen 2,8.0 MP Primary Camera | 8 MP Front,1 Year Domestic Warranty
REDMI,4.3,944,51,9999,4.0 GB RAM,64 GB ROM,22.1 cm (8.7 Inch) HD Display,MediaTek Helio G85,8.0 MP Primary Camera | 5 MP Front,1 Year Domestic Warranty
REDMI,4.3,944,51,10999,4.0 GB RAM,128 GB ROM,22.1 cm (8.7 Inch) HD Display,MediaTek Helio G85,8.0 MP Primary Camera | 5 MP Front,1 Year Domestic Warranty
Lenovo,4.3,5315,361,13999,4 GB RAM,128 GB ROM,27.94 cm (11.0 inch) Display,Mediatek Helio G88,13 MP Primary Camera | 8 MP Front,1 Year Comprehensive Warranty
Xiaomi,4.5,846,64,30999,12 GB RAM,256 GB ROM,28.37 cm (11.17 inch) WQXGA+ Display,Snapdragon 7+ Gen 3,13.0 MP Primary Camera | 8 MP Front,1 Year Brand Warranty
Samsung,4.5,31778,1196,21947,4 GB RAM,64 GB ROM,27.94 cm (11.0 inch) WQXGA Display,Snapdragon 695,8 MP Primary Camera | 5 MP Front,Apple One (1) Year Limited Warranty
Baatu,4.1,156,21,8199,4 GB RAM,64 GB ROM,25.65 cm (10.1 inch) HD Display,MediaTek,8 MP Primary Camera | 5 MP Front,Apple One (1) Year Limited Warranty
realme,4.4,13665,1171,19199,4 GB RAM,64 GB ROM,27.94 cm (11 inch) WUXGA+ Display,Qualcomm Snapdragon 695,13 MP Primary Camera | 8 MP Front,1 Year Domestic Warranty
realme,4.4,33463,2641,24999,6 GB RAM,128 GB ROM,29.21 cm (11.5 inch) Full HD Display,Mediatek G99,8 MP Primary Camera | 5 MP Front,1 Year Domestic Warranty
Xiaomi,4.5,846,64,27999,8 GB RAM,128 GB ROM,28.37 cm (11.17 inch) WQXGA+ Display,Snapdragon 7+ Gen 3,13.0 MP Primary Camera | 8 MP Front,1 Year Brand Warranty
realme,4.4,33463,2641,24999,6 GB RAM,128 GB ROM,29.21 cm (11.5 inch) Full HD Display,Mediatek G99,8 MP Primary Camera | 5 MP Front,1 Year Domestic Warranty
OnePlus,4.6,1450,121,39999,12.0 GB RAM,256 GB ROM,30.73 cm (12.1 inch) Display,Snapdragon 8 Gen 3,13.0 MP Primary Camera | 8 MP Front,1 Year Manufacturer Warranty
Apple,4.7,3491,258,33900,6GB,128GB,27.94 cm (11.0 inch) Display,A16 chip,12 MP Primary Camera | 12 MP Front,1 Year Brand Warranty
Samsung,4.5,31778,1196,18890,8 GB RAM,128 GB ROM,27.94 cm (11.0 inch) WQXGA Display,QUALCOMM SM6375,8 MP Primary Camera | 5 MP Front,Apple One (1) Year Limited Warranty
Lenovo,4.3,1143,96,9999,4 GB RAM,64 GB ROM,22.86 cm (9 Inch) HD Display,Mediatek G80,8 MP Primary Camera | 2 MP Front,1 Year Warranty on Tablet including Battery
Lenovo,4.2,2059,151,18099,6 GB RAM,128 GB ROM,26.95 cm (10.61 inch) Display,Qualcomm Snapdragon 695,13 MP Primary Camera | 8 MP Front,1 Year Brand Warranty
REDMI,4.3,944,51,10999,4.0 GB RAM,128 GB ROM,22.1 cm (8.7 Inch) HD Display,MediaTek Helio G85,8.0 MP Primary Camera | 5 MP Front,1 Year Domestic Warranty
Samsung,4.5,3054,161,32949,6 GB RAM,128 GB ROM,27.69 cm (10.9 inch) WQXGA Display,Exynos 1380,8.0 MP Primary Camera | 12 MP Front,1 Year Manufacturer Warranty for Device and 6 Months Manufacturer Warranty for In-Box Accessories Including Batteries from the Date of Purchase
OPPO,4.5,105,6,15999,6.0 GB RAM,128 GB ROM,27.81 cm (10.95 inch) WUXGA+ Display,MediaTek Helio G100,5 MP Primary Camera | 5 MP Front,1 Year Warranty on Handset and 6 Months Warranty on Accessories
REDMI,4.4,4481,326,23999,8.0 GB RAM,128 GB ROM,30.73 cm (12.1 inch) Quad HD Display,Snapdragon 7s Gen 2,8.0 MP Primary Camera | 8 MP Front,1 Year Domestic Warranty
Infinix,4.4,2159,249,19999,4 GB RAM,128 GB ROM,27.94 cm (11.0 inch) Display,Mediatek Helio G99,8 MP Primary Camera | 8 MP Front,"1 Year Warranty on Tablet, 6 Months Warranty on Accessories"
Xiaomi,4.5,846,64,30999,12 GB RAM,256 GB ROM,28.37 cm (11.17 inch) WQXGA+ Display,Snapdragon 7+ Gen 3,13.0 MP Primary Camera | 8 MP Front,1 Year Brand Warranty
Lenovo,4.3,5315,361,14999,8 GB RAM,128 GB ROM,27.94 cm (11.0 inch) Display,Mediatek Helio G88,13 MP Primary Camera | 8 MP Front,1 Year Comprehensive Warranty
Lenovo,4.5,3700,403,18999,8.0 GB RAM,128 GB ROM,29.21 cm (11.5 inch) 2K Display,Mediatek Helio G99,8.0 MP Primary Camera | 8 MP Front,1 Year Warranty from Lenovo
Samsung,4.3,2209,92,12490,4 GB RAM,64 GB ROM,22.1 cm (8.7 Inch) WQXGA Display,Meditek MT8781 (G99),8 MP Primary Camera | 2 MP Front,Apple One (1) Year Limited Warranty
Apple,4.6,17849,920,34900,6GB,128GB,27.69 cm (10.9 inch) Full HD Display,A14 Bionic Chip (64-bit Architecture) with Neural Engine,12 MP Primary Camera | 12 MP Front,1 Year Limited Hardware Warranty
Lenovo,4.3,5315,361,13999,4 GB RAM,128 GB ROM,27.94 cm (11.0 inch) Display,Mediatek Helio G88,13 MP Primary Camera | 8 MP Front,1 Year Comprehensive Warranty
OPPO,4.5,105,6,13999,4.0 GB RAM,128 GB ROM,27.81 cm (10.95 inch) WUXGA+ Display,MediaTek Helio G100,5 MP Primary Camera | 5 MP Front,1 Year Warranty on Handset and 6 Months Warranty on Accessories
OnePlus,4.6,7338,573,37999,8 GB RAM,128 GB ROM,29.49 cm (11.61 inch) Display,Mediatek Dimensity 9000,13 MP Primary Camera | 8 MP Front,1 Year Manufacturer Warranty
Samsung,4.5,31778,1196,22999,4 GB RAM,64 GB ROM,27.94 cm (11.0 inch) WQXGA Display,Snapdragon 695,8.0 MP Primary Camera | 5 MP Front,Apple One (1) Year Limited Warranty
OPPO,4.5,105,6,13999,4.0 GB RAM,128 GB ROM,27.81 cm (10.95 inch) WUXGA+ Display,MediaTek Helio G100,5 MP Primary Camera | 5 MP Front,1 Year Warranty on Handset and 6 Months Warranty on Accessories
Baatu,4.1,156,21,8199,4 GB RAM,64 GB ROM,25.65 cm (10.1 inch) HD Display,MediaTek,8 MP Primary Camera | 5 MP Front,Apple One (1) Year Limited Warranty
Lenovo,4.5,275,30,39999,12 GB RAM,256 GB ROM,22.35 cm (8.8 inch) Display,Qualcomm Snapdragon 8+ Gen 1,13 MP Primary Camera | 8 MP Front,1 Year Warranty from Lenovo
Xiaomi,4.6,14637,1067,29999,6 GB RAM,128 GB ROM,27.94 cm (11.0 inch) Display,Qualcomm Snapdragon 870,13.0 MP Primary Camera | 8 MP Front,Apple One (1) Year Limited Warranty
Samsung,4.8,33,2,53999,12 GB RAM,256 GB ROM,27.69 cm (10.9 inch) WUXGA+ Display,Exynos 1580,13 Megapixels MP Primary Camera | 12 MP Front,1 Year Manufacturer Warranty for Device and 6 Months for in-box accessories
Apple,4.7,3491,258,49900,8GB,256GB,27.94 cm (11.0 inch) Display,A16 chip,12 MP Primary Camera | 12 MP Front,1 Year Brand Warranty
Apple,4.7,3491,258,33900,6GB,128GB,27.94 cm (11.0 inch) Display,A16 chip,12 MP Primary Camera | 12 MP Front,1 Year Brand Warranty
Nokia,4.2,2461,300,18899,4 GB RAM,64 GB ROM,26.31 cm (10.36 inch) 2K Display,Unisoc T610,8.0 MP Primary Camera | 5 MP Front,Apple One (1) Year Limited Warranty
I,2.9,11,1,7099,3 GB RAM,32 GB ROM,20.32 cm (8 inch) Display,MTK6757 Octa core,8.0 MP Primary Camera | 5 MP Front,1 Year Manufacturing Warranty for Product and 6 Month on Accessories.
Lenovo,4.2,2059,151,22999,4 GB RAM,128 GB ROM,26.95 cm (10.61 inch) Display,Qualcomm Snapdragon 695,13 MP Primary Camera | 8 MP Front,1 Year Warranty on Tablet including Battery
Samsung,4.6,18725,823,56999,12 GB RAM,256 GB ROM,31.5 cm (12.4 Inch) WQXGA Display,Exynos 1380,8.0 MP Primary Camera | 12 MP Front,1 Year Manufacturer Warranty for Device and 6 Months Manufacturer Warranty for In-Box Accessories Including Batteries from the Date of Purchase
Lenovo,4.3,5315,361,14999,8 GB RAM,128 GB ROM,27.94 cm (11.0 inch) Display,Mediatek Helio G88,13 MP Primary Camera | 8 MP Front,1 Year Comprehensive Warranty
Lenovo,4.5,3700,403,18999,8.0 GB RAM,128 GB ROM,29.21 cm (11.5 inch) 2K Display,Mediatek Helio G99,8.0 MP Primary Camera | 8 MP Front,1 Year Warranty from Lenovo
I,4.4,5,1,9057,4 GB RAM,64 GB ROM,25.4 cm (10 inch) HD Display,MTK6757 Octa core,13 MP Primary Camera | 8 MP Front,1 Year Warranty Against Manufacturing Defects
OnePlus,4.6,1450,121,36999,8.0 GB RAM,128 GB ROM,30.73 cm (12.1 inch) Display,Snapdragon 8 Gen 3,13.0 MP Primary Camera | 8 MP Front,1 Year Manufacturer Warranty
Lenovo,4.3,5315,361,13999,4 GB RAM,128 GB ROM,27.94 cm (11.0 inch) Display,Mediatek Helio G88,13 MP Primary Camera | 8 MP Front,1 Year Comprehensive Warranty
Lenovo,4.4,765,39,16999,8 GB RAM,128 GB ROM,27.94 cm (11.0 inch) Display,MediaTek Helio G88,13 MP Primary Camera | 8 MP Front,1 Year Manufacturer Warranty from the Date of Purchase
Samsung,4.4,7878,684,21999,3 GB RAM,64 GB ROM,26.42 cm (10.4 inch) Full HD Display,Qualcomm Snapdragon 662,8 MP Primary Camera | 5 MP Front,1 Year Warranty Provided by the Manufacturer from Date of Purchase
Lenovo,4.4,1948,147,16998,4 GB RAM,128 GB ROM,27.94 cm (11 inch) Full HD Display,MediaTek Helio G90T,8 MP Primary Camera | 8 MP Front,1 Year Warranty on Tablet including Battery
MOTOROLA,4.2,13372,1168,17099,4 GB RAM,64 GB ROM,26.95 cm (10.61 inch) 2K Display,Snapdragon SDM680,8.0 MP Primary Camera | 8 MP Front,1 Year Warranty on Tablet including Battery
Samsung,4.3,2209,92,12999,4 GB RAM,64 GB ROM,22.1 cm (8.7 Inch) WQXGA Display,Meditek MT8781 (G99),8 MP Primary Camera | 2 MP Front,Apple One (1) Year Limited Warranty
Baatu,4.1,156,21,8199,4 GB RAM,64 GB ROM,25.65 cm (10.1 inch) HD Display,MediaTek,8 MP Primary Camera | 5 MP Front,Apple One (1) Year Limited Warranty
Nokia,4.1,81,6,10471,4 GB RAM,64 GB ROM,20.32 cm (8 inch) Display,Unisoc T606,8.0 MP Primary Camera,1 Year Manufacturer Warranty for Device and Battery and 6 Months Manufacturer Warranty for In-Box Accessories from the Date of Purchase
Lenovo,4.3,1143,96,13088,4 GB RAM,64 GB ROM,22.86 cm (9 Inch) HD Display,Mediatek G80,8 MP Primary Camera | 2 MP Front,1 Year Warranty on Tablet including Battery
I,4,3,0,10990,4 GB RAM,64 GB ROM,25.4 cm (10 inch) HD Display,MTK6757 Octa core,13 MP Primary Camera | 8 MP Front,1 Year Warranty Against Manufacturing Defects
I,3.5,48,4,7129,3 GB RAM,32 GB ROM,20.32 cm (8 inch) Display,MTK6757 Octa core,8 MP Primary Camera | 5 MP Front,Apple One (1) Year Limited Warranty
I,2.9,11,1,7099,3 GB RAM,32 GB ROM,20.32 cm (8 inch) Display,MTK6757 Octa core,8.0 MP Primary Camera | 5 MP Front,1 Year Manufacturing Warranty for Product and 6 Month on Accessories.
Samsung,4.6,118,4,90999,12 GB RAM,256 GB ROM,31.5 cm (12.4 inch) WQXGA+ Display,MediaTek Dimensity 9300,13 MP Primary Camera | 12 MP Front,1 Year Manufacturer Warranty for Device and 6 Months for in-box accessories
Apple,4.7,3491,258,59900,8GB,256GB,27.94 cm (11.0 inch) Display,A16 chip,12 MP Primary Camera | 12 MP Front,1 Year Brand Warranty
I,3.3,16,2,9057,4 GB RAM,64 GB ROM,25.4 cm (10 inch) HD Display,MTK6757 Octa core,13 MP Primary Camera | 8 MP Front,1 Year Warranty Against Manufacturing Defects
Apple,4.7,3491,258,44900,8GB,256GB,27.94 cm (11.0 inch) Display,A16 chip,12 MP Primary Camera | 12 MP Front,1 Year Brand Warranty
Lenovo,3.7,3,0,11999,4 GB RAM,64 GB ROM,27.94 cm (11 inch) Display,Mediatek Helio G88,8 MP Primary Camera,Apple One (1) Year Limited Warranty
Samsung,4.5,15726,1185,27490,4 GB RAM,64 GB ROM,26.42 cm (10.4 inch) Full HD Display,Qualcomm SDM720G (Octa-Core),8 MP Primary Camera | 5 MP Front,1 Year Manufacturer Warranty for Tablet and 6 Months Warranty for in the Box Accessories
Samsung,4.5,72,4,55999,8 GB RAM,128 GB ROM,33.27 cm (13.1 inch) WUXGA+ Display,Exynos 1580,13 Megapixels MP Primary Camera | 12 MP Front,1 Year Manufacturer Warranty for Device and 6 Months for in-box accessories
Lenovo,4.3,5315,361,14999,8 GB RAM,128 GB ROM,27.94 cm (11.0 inch) Display,Mediatek Helio G88,13 MP Primary Camera | 8 MP Front,1 Year Comprehensive Warranty
Lenovo,4.5,3700,403,18999,8.0 GB RAM,128 GB ROM,29.21 cm (11.5 inch) 2K Display,Mediatek Helio G99,8.0 MP Primary Camera | 8 MP Front,1 Year Warranty from Lenovo
Apple,4.7,3491,258,49900,8GB,256GB,27.94 cm (11.0 inch) Display,A16 chip,12 MP Primary Camera | 12 MP Front,1 Year Brand Warranty
Samsung,4.5,72,4,55999,8 GB RAM,128 GB ROM,33.27 cm (13.1 inch) WUXGA+ Display,Exynos 1580,13 Megapixels MP Primary Camera | 12 MP Front,1 Year Manufacturer Warranty for Device and 6 Months for in-box accessories
Apple,4.6,17849,920,34900,6GB,128GB,27.69 cm (10.9 inch) Full HD Display,A14 Bionic Chip (64-bit Architecture) with Neural Engine,12 MP Primary Camera | 12 MP Front,1 Year Limited Hardware Warranty
Lenovo,4.3,5315,361,13999,4 GB RAM,128 GB ROM,27.94 cm (11.0 inch) Display,Mediatek Helio G88,13 MP Primary Camera | 8 MP Front,1 Year Comprehensive Warranty
Lenovo,4.4,765,39,16999,8 GB RAM,128 GB ROM,27.94 cm (11.0 inch) Display,MediaTek Helio G88,13 MP Primary Camera | 8 MP Front,1 Year Manufacturer Warranty from the Date of Purchase
I,2.3,4,1,9057,4 GB RAM,64 GB ROM,25.4 cm (10 inch) HD Display,MTK6757 Octa core,13 MP Primary Camera | 8 MP Front,1 Year Warranty Against Manufacturing Defects
Lenovo,4.2,632,42,13699,6 GB RAM,128 GB ROM,26.95 cm (10.61 inch) 2K Display,Snapdragon SDM 6803,8 MP Primary Camera | 8 MP Front,1 Year Warranty on Tablet including Battery
Baatu,4.1,156,21,8199,4 GB RAM,64 GB ROM,25.65 cm (10.1 inch) HD Display,MediaTek,8 MP Primary Camera | 5 MP Front,Apple One (1) Year Limited Warranty
Apple,4.6,17849,920,34900,6GB,128GB,27.69 cm (10.9 inch) Full HD Display,A14 Bionic Chip (64-bit Architecture) with Neural Engine,12 MP Primary Camera | 12 MP Front,1 Year Limited Hardware Warranty
MOTOROLA,4.2,13372,1168,31000,4 GB RAM,128 GB ROM,26.95 cm (10.61 inch) 2K Display,Snapdragon SDM680,8.0 MP Primary Camera | 8 MP Front,1 Year Warranty on Tablet including Battery
Acer,4.7,23,2,18999,8 GB RAM,256 GB ROM,26.31 cm (10.36 inch) Display,MediaTek Helio G99,16 MP Primary Camera | 8 MP Front,1 Year Carry-in Warranty
Lenovo,3.9,227,17,11459,3 GB RAM,32 GB ROM,20.32 cm (8 inch) Full HD Display,MediaTek Helio P22T Octa Core,13 MP Primary Camera | 5 MP Front,1 Year Warranty
Lenovo,4.4,1864,206,30999,8 GB RAM,256 GB ROM,32.26 cm (12.7 Inch) Display,MediaTek Dimensity 7050,13 MP Primary Camera | 8 MP Front,1 Year Warranty on Tablet including Battery
MOTOROLA,4.5,1941,207,28999,12 GB RAM,256 GB ROM,32.26 cm (12.7 inch) Display,MediaTek Dimensity 8300,13 MP Primary Camera | 8 MP Front,1 Year Comprehensive Warranty
Lenovo,4.5,3700,403,34000,8.0 GB RAM,256 GB ROM,29.21 cm (11.5 inch) 2K Display,Mediatek Helio G99,8.0 MP Primary Camera | 8 MP Front,1 Year Warranty from Lenovo
Samsung,4.5,31778,1196,18999,4 GB RAM,64 GB ROM,27.94 cm (11.0 inch) WQXGA Display,QUALCOMM SM6375,8.0 MP Primary Camera | 5 MP Front,Apple One (1) Year Limited Warranty
Lenovo,4.4,1864,206,20999,8 GB RAM,128 GB ROM,32.26 cm (12.7 Inch) Display,MediaTek Dimensity 7050,13 MP Primary Camera | 8 MP Front,1 Year Comprehensive Warranty
Lenovo,4.3,772,60,15999,8 GB RAM,128 GB ROM,27.94 cm (11.0 inch) Display,Mediatek Helio G88,13 MP Primary Camera | 8 MP Front,1 Year Comprehensive Warranty
Lenovo,4.3,710,59,18999,8 GB RAM,128 GB ROM,27.94 cm (11.0 inch) Display,MediaTek Helio G88,13 MP Primary Camera | 8 MP Front,1 Year Manufacturer Warranty from the Date of Purchase
Apple,4.7,173,32,103800,8GB,256GB,32.77 cm (12.9 inch) Quad HD Display,A10X Fusion Chip with 64‑bit Architecture with Embedded M10 Coprocessor,12.0 MP Primary Camera | 7 MP Front,Apple One (1) Year Limited Warranty
I,4,3,0,10990,4 GB RAM,64 GB ROM,25.4 cm (10 inch) HD Display,MTK6757 Octa core,13 MP Primary Camera | 8 MP Front,1 Year Warranty Against Manufacturing Defects
REDMI,4.4,25510,2067,18099,6 GB RAM,128 GB ROM,26.95 cm (10.61 Inch) Display,Octa Core,8.0 MP Primary Camera | 8 MP Front,1 Year Domestic Warranty
Lenovo,4.3,5315,361,14999,8 GB RAM,128 GB ROM,27.94 cm (11.0 inch) Display,Mediatek Helio G88,13 MP Primary Camera | 8 MP Front,1 Year Comprehensive Warranty
Lenovo,4.5,3700,403,18999,8.0 GB RAM,128 GB ROM,29.21 cm (11.5 inch) 2K Display,Mediatek Helio G99,8.0 MP Primary Camera | 8 MP Front,1 Year Warranty from Lenovo
REDMI,4.4,25510,2067,12699,4 GB RAM,128 GB ROM,26.95 cm (10.61 Inch) Display,Octa Core,8.0 MP Primary Camera | 8 MP Front,1 Year Domestic Warranty
OnePlus,4.4,105,10,19999,6.0 GB RAM,128 GB ROM,27.94 cm (11.0 inch) Display,MediaTek Helio G100,5 MP Primary Camera | 5 MP Front,1 Year Manufacturer Warranty
Lenovo,4.3,5315,361,13999,4 GB RAM,128 GB ROM,27.94 cm (11.0 inch) Display,Mediatek Helio G88,13 MP Primary Camera | 8 MP Front,1 Year Comprehensive Warranty
Lenovo,4.4,765,39,16999,8 GB RAM,128 GB ROM,27.94 cm (11.0 inch) Display,MediaTek Helio G88,13 MP Primary Camera | 8 MP Front,1 Year Manufacturer Warranty from the Date of Purchase
Samsung,4.7,2223,128,85999,8 GB RAM,128 GB ROM,27.94 cm (11.0 Inch) WQXGA Display,Snapdragon 8 Gen 2,13.0 MP Primary Camera | 12 MP Front,Apple One (1) Year Limited Warranty
REDMI,4.4,25510,2067,16937,3 GB RAM,64 GB ROM,26.95 cm (10.61 Inch) Display,Octa Core,8 MP Primary Camera | 8 MP Front,1 Year Domestic Warranty
Acer,4.7,23,2,16999,6 GB RAM,128 GB ROM,26.31 cm (10.36 inch) Display,MediaTek Helio G99,16 MP Primary Camera | 8 MP Front,1 Year Carry-in Warranty
Acer,4.7,23,2,18999,8 GB RAM,256 GB ROM,26.31 cm (10.36 inch) Display,MediaTek Helio G99,16 MP Primary Camera | 8 MP Front,1 Year Carry-in Warranty
Baatu,4.1,156,21,8199,4 GB RAM,64 GB ROM,25.65 cm (10.1 inch) HD Display,MediaTek,8 MP Primary Camera | 5 MP Front,Apple One (1) Year Limited Warranty
I,3.9,28,1,9299,4 GB RAM,64 GB ROM,25.4 cm (10 inch) Full HD Display,QUAD CORE,13.0 MP Primary Camera | 8 MP Front,"1 Year Warranty Against Manufacturing Defects.For any queries related to this item or for complete warranty terms, any charges & conditions, Please contact (I Kall ) Customer Support on Helpline (0120-4731048,120-4731050) for (0120-4731051) ; 10AM to 06:00 PM , Email : (Helpdesk@ikall.in,Helpdeskcustomercare09@gmail.com)"
Samsung,4.8,33,2,53999,12 GB RAM,256 GB ROM,27.69 cm (10.9 inch) WUXGA+ Display,Exynos 1580,13 Megapixels MP Primary Camera | 12 MP Front,1 Year Manufacturer Warranty for Device and 6 Months for in-box accessories
Lenovo,4.2,632,42,13699,6 GB RAM,128 GB ROM,26.95 cm (10.61 inch) 2K Display,Snapdragon SDM 6803,8 MP Primary Camera | 8 MP Front,1 Year Warranty on Tablet including Battery
Samsung,4.6,118,4,90999,12 GB RAM,256 GB ROM,31.5 cm (12.4 inch) WQXGA+ Display,MediaTek Dimensity 9300,13 MP Primary Camera | 12 MP Front,1 Year Manufacturer Warranty for Device and 6 Months for in-box accessories
Samsung,4.5,72,4,55999,8 GB RAM,128 GB ROM,33.27 cm (13.1 inch) WUXGA+ Display,Exynos 1580,13 Megapixels MP Primary Camera | 12 MP Front,1 Year Manufacturer Warranty for Device and 6 Months for in-box accessories
Acer,3.5,15,2,12999,4 GB RAM,64 GB ROM,22.1 cm (8.7 inch) Display,Mediatek Helio P22T (8768T),8 MP Primary Camera | 5 MP Front,1 Year Carry-in Warranty
OPPO,4.5,105,6,16999,8.0 GB RAM,128 GB ROM,27.81 cm (10.95 inch) WUXGA+ Display,MediaTek Helio G100,5 MP Primary Camera | 5 MP Front,1 Year Warranty on Handset and 6 Months Warranty on Accessories
OPPO,4.5,105,6,15999,6.0 GB RAM,128 GB ROM,27.81 cm (10.95 inch) WUXGA+ Display,MediaTek Helio G100,5 MP Primary Camera | 5 MP Front,1 Year Warranty on Handset and 6 Months Warranty on Accessories
OPPO,4.5,105,6,15999,6.0 GB RAM,128 GB ROM,27.81 cm (10.95 inch) WUXGA+ Display,MediaTek Helio G100,5 MP Primary Camera | 5 MP Front,1 Year Warranty on Handset and 6 Months Warranty on Accessories
Swipe,3.6,182,18,8999,3 GB RAM,32 GB ROM,25.65 cm (10.1 inch) HD Display,"2.0 GHz Ulta Fast Octa Core Processor, T310",8 MP Primary Camera | 5 MP Front,Apple One (1) Year Limited Warranty
Lenovo,4.2,2059,151,22999,4 GB RAM,128 GB ROM,26.95 cm (10.61 inch) Display,Qualcomm Snapdragon 695,13 MP Primary Camera | 8 MP Front,1 Year Warranty on Tablet including Battery
Lenovo,4.3,5315,361,14999,8 GB RAM,128 GB ROM,27.94 cm (11.0 inch) Display,Mediatek Helio G88,13 MP Primary Camera | 8 MP Front,1 Year Comprehensive Warranty
Lenovo,4.5,3700,403,18999,8.0 GB RAM,128 GB ROM,29.21 cm (11.5 inch) 2K Display,Mediatek Helio G99,8.0 MP Primary Camera | 8 MP Front,1 Year Warranty from Lenovo
OPPO,4.4,10690,1002,34999,4 GB RAM,128 GB ROM,26.31 cm (10.36 inch) 2K Display,Qualcomm Snapdragon 680,8.0 MP Primary Camera | 5 MP Front,1 Year Manufacturer Warranty
OPPO,4.4,10690,1002,29999,4 GB RAM,64 GB ROM,26.31 cm (10.36 inch) 2K Display,Qualcomm Snapdragon 680,8.0 MP Primary Camera | 5 MP Front,1 Year Manufacturer Warranty
OPPO,4.5,105,6,13999,4.0 GB RAM,128 GB ROM,27.81 cm (10.95 inch) WUXGA+ Display,MediaTek Helio G100,5 MP Primary Camera | 5 MP Front,1 Year Warranty on Handset and 6 Months Warranty on Accessories
OPPO,4.5,105,6,13999,4.0 GB RAM,128 GB ROM,27.81 cm (10.95 inch) WUXGA+ Display,MediaTek Helio G100,5 MP Primary Camera | 5 MP Front,1 Year Warranty on Handset and 6 Months Warranty on Accessories
Lenovo,4.3,5315,361,13999,4 GB RAM,128 GB ROM,27.94 cm (11.0 inch) Display,Mediatek Helio G88,13 MP Primary Camera | 8 MP Front,1 Year Comprehensive Warranty
Acer,3.9,217,14,24499,6 GB RAM,128 GB ROM,25.65 cm (10.1 inch) WUXGA+ Display,Mediatek 8768WA,13 MP Primary Camera | 5 MP Front,1 Year Carry In Warranty
Lenovo,4.2,5967,322,11999,4 GB RAM,64 GB ROM,25.65 cm (10.1 inch) Full HD Display,Unisoc T610 Octa Core Processor,8.0 MP Primary Camera | 5 MP Front,1 Year Warranty on Tablet including Battery
Baatu,4.1,156,21,8199,4 GB RAM,64 GB ROM,25.65 cm (10.1 inch) HD Display,MediaTek,8 MP Primary Camera | 5 MP Front,Apple One (1) Year Limited Warranty
Nokia,4.2,2461,300,18899,4 GB RAM,64 GB ROM,26.31 cm (10.36 inch) 2K Display,Unisoc T610,8.0 MP Primary Camera | 5 MP Front,Apple One (1) Year Limited Warranty
Acer,3.5,15,2,12900,4 GB RAM,64 GB ROM,22.1 cm (8.7 inch) Display,Mediatek Helio P22T (8768T),8 MP Primary Camera | 5 MP Front,1 Year Carry-in Warranty
Swipe,3.4,866,117,13999,3 GB RAM,32 GB ROM,25.65 cm (10.1 inches) SD Display,"MT8765B, Quad-Core 1.28 GHz",8 MP Primary Camera | 5 MP Front,"One Year Manufacture Warranty, ""By Calling +918287807038 or Swipecare@btplgroup.com"""
Lenovo,3.9,510,35,9900,2 GB RAM,32 GB ROM,17.78 cm (7 inch) SD Display,"MediaTek MT8166 (4C, 4 x A53)",5.0 MP Primary Camera | 2 MP Front,1 Year Manufacturer Warranty
Lenovo,4.4,1948,147,16998,4 GB RAM,128 GB ROM,27.94 cm (11 inch) Full HD Display,MediaTek Helio G90T,8 MP Primary Camera | 8 MP Front,1 Year Warranty on Tablet including Battery
Lenovo,4.4,1864,206,30999,8 GB RAM,256 GB ROM,32.26 cm (12.7 Inch) Display,MediaTek Dimensity 7050,13 MP Primary Camera | 8 MP Front,1 Year Warranty on Tablet including Battery
Apple,4.6,17849,920,34900,6GB,128GB,27.69 cm (10.9 inch) Full HD Display,A14 Bionic Chip (64-bit Architecture) with Neural Engine,12 MP Primary Camera | 12 MP Front,1 Year Limited Hardware Warranty
Lenovo,4.3,5315,361,14999,8 GB RAM,128 GB ROM,27.94 cm (11.0 inch) Display,Mediatek Helio G88,13 MP Primary Camera | 8 MP Front,1 Year Comprehensive Warranty
Lenovo,4.5,3700,403,18999,8.0 GB RAM,128 GB ROM,29.21 cm (11.5 inch) 2K Display,Mediatek Helio G99,8.0 MP Primary Camera | 8 MP Front,1 Year Warranty from Lenovo
Apple,4.6,17849,920,49900,8GB,256GB,27.69 cm (10.9 inch) Full HD Display,A14 Bionic Chip (64-bit Architecture) with Neural Engine,12 MP Primary Camera | 12 MP Front,1 Year Limited Hardware Warranty
Apple,4.6,17849,920,34900,6GB,128GB,27.69 cm (10.9 inch) Full HD Display,A14 Bionic Chip (64-bit Architecture) with Neural Engine,12 MP Primary Camera | 12 MP Front,1 Year Limited Hardware Warranty
Lenovo,4.3,5315,361,13999,4 GB RAM,128 GB ROM,27.94 cm (11.0 inch) Display,Mediatek Helio G88,13 MP Primary Camera | 8 MP Front,1 Year Comprehensive Warranty
Lenovo,4.4,765,39,16999,8 GB RAM,128 GB ROM,27.94 cm (11.0 inch) Display,MediaTek Helio G88,13 MP Primary Camera | 8 MP Front,1 Year Manufacturer Warranty from the Date of Purchase
Apple,4.6,17849,920,49900,8GB,256GB,27.69 cm (10.9 inch) Full HD Display,A14 Bionic Chip (64-bit Architecture) with Neural Engine,12 MP Primary Camera | 12 MP Front,1 Year Limited Hardware Warranty
Samsung,4.7,1861,108,90999,12 GB RAM,256 GB ROM,31.5 cm (12.4 Inch) WUXGA+ Display,Snapdragon 8 Gen 2,13.0 MP Primary Camera | 12 MP Front,Apple One (1) Year Limited Warranty
Apple,4.6,17849,920,49900,8GB,256GB,27.69 cm (10.9 inch) Full HD Display,A14 Bionic Chip (64-bit Architecture) with Neural Engine,12 MP Primary Camera | 12 MP Front,1 Year Limited Hardware Warranty
Apple,4.6,1058,95,49900,8GB,256GB,21.08 cm (8.3 inch) Display,A15 Bionic Chip with 64-bit Architecture,12 MP Primary Camera | 12 MP Front,1 Year Warranty
Baatu,4.1,156,21,8199,4 GB RAM,64 GB ROM,25.65 cm (10.1 inch) HD Display,MediaTek,8 MP Primary Camera | 5 MP Front,Apple One (1) Year Limited Warranty
Apple,4.5,126,7,59900,8GB,256GB,27.94 cm (11.0 inch) Display,Apple M3 Chip,12 MP Primary Camera | 12 MP Front,1 Year Brand Warranty
Apple,4.6,1058,95,64900,8GB,256GB,21.08 cm (8.3 inch) Display,A15 Bionic Chip with 64-bit Architecture,12 MP Primary Camera | 12 MP Front,1 Year Warranty
Apple,4.6,1058,95,79900,8GB,256GB,21.08 cm (8.3 inch) Display,A15 Bionic Chip with 64-bit Architecture,12 MP Primary Camera | 12 MP Front,1 Year Warranty
Samsung,4.5,72,4,65999,12 GB RAM,256 GB ROM,33.27 cm (13.1 inch) WUXGA+ Display,Exynos 1580,13 Megapixels MP Primary Camera | 12 MP Front,1 Year Manufacturer Warranty for Device and 6 Months for in-box accessories
Apple,4.7,1063,71,204900,8GB,256GB,27.94 cm (11.0 inch) Full HD Display,Apple M2 chip,12 MP Primary Camera | 12 MP Front,1 Year Limited Hardware Warranty
Apple,4.7,1063,71,109900,8GB,256GB,27.94 cm (11.0 inch) Full HD Display,Apple M2 chip,12 MP Primary Camera | 12 MP Front,1 Year Limited Hardware Warranty
Lenovo,4.5,275,30,39999,12 GB RAM,256 GB ROM,22.35 cm (8.8 inch) Display,Qualcomm Snapdragon 8+ Gen 1,13 MP Primary Camera | 8 MP Front,1 Year Warranty from Lenovo
Apple,4.7,1063,71,124900,8GB,256GB,27.94 cm (11.0 inch) Full HD Display,Apple M2 chip,12 MP Primary Camera | 12 MP Front,1 Year Limited Hardware Warranty
Lenovo,4.3,5315,361,14999,8 GB RAM,128 GB ROM,27.94 cm (11.0 inch) Display,Mediatek Helio G88,13 MP Primary Camera | 8 MP Front,1 Year Comprehensive Warranty
Lenovo,4.5,3700,403,18999,8.0 GB RAM,128 GB ROM,29.21 cm (11.5 inch) 2K Display,Mediatek Helio G99,8.0 MP Primary Camera | 8 MP Front,1 Year Warranty from Lenovo
Apple,4.6,17849,920,34900,6GB,128GB,27.69 cm (10.9 inch) Full HD Display,A14 Bionic Chip (64-bit Architecture) with Neural Engine,12 MP Primary Camera | 12 MP Front,1 Year Limited Hardware Warranty
Apple,4.6,56232,3677,32900,6GB,128GB,25.91 cm (10.2 inch) Display,A13 Bionic Chip with 64-bit Architecture,8 MP Primary Camera | 12 MP Front,1 Year Warranty
Lenovo,4.3,5315,361,13999,4 GB RAM,128 GB ROM,27.94 cm (11.0 inch) Display,Mediatek Helio G88,13 MP Primary Camera | 8 MP Front,1 Year Comprehensive Warranty
Apple,4.6,56232,3677,32900,6GB,128GB,25.91 cm (10.2 inch) Display,A13 Bionic Chip with 64-bit Architecture,8 MP Primary Camera | 12 MP Front,1 Year Warranty
Apple,4.6,56232,3677,45900,8GB,256GB,25.91 cm (10.2 inch) Display,A13 Bionic Chip with 64-bit Architecture,8 MP Primary Camera | 12 MP Front,1 Year Warranty
Apple,4.6,1058,95,49900,8GB,256GB,21.08 cm (8.3 inch) Display,A15 Bionic Chip with 64-bit Architecture,12 MP Primary Camera | 12 MP Front,1 Year Warranty
Apple,4.7,1063,71,149900,8GB,256GB,27.94 cm (11.0 inch) Full HD Display,Apple M2 chip,12 MP Primary Camera | 12 MP Front,1 Year Limited Hardware Warranty
Baatu,4.1,156,21,8199,4 GB RAM,64 GB ROM,25.65 cm (10.1 inch) HD Display,MediaTek,8 MP Primary Camera | 5 MP Front,Apple One (1) Year Limited Warranty
Apple,4.5,126,7,59900,8GB,256GB,27.94 cm (11.0 inch) Display,Apple M3 Chip,12 MP Primary Camera | 12 MP Front,1 Year Brand Warranty
Apple,4.6,56232,3677,47900,8GB,256GB,25.91 cm (10.2 inch) Display,A13 Bionic Chip with 64-bit Architecture,8 MP Primary Camera | 12 MP Front,1 Year Warranty
Apple,4.6,56232,3677,45900,8GB,256GB,25.91 cm (10.2 inch) Display,A13 Bionic Chip with 64-bit Architecture,8 MP Primary Camera | 12 MP Front,1 Year Warranty
Apple,4.6,56232,3677,47900,8GB,256GB,25.91 cm (10.2 inch) Display,A13 Bionic Chip with 64-bit Architecture,8 MP Primary Camera | 12 MP Front,1 Year Warranty
Samsung,4.6,87,7,110000,12 GB RAM,256 GB ROM,37.08 cm (14.6 inch) Full HD Display,Octa-Core,13 MP Primary Camera | 12 MP Front,1 Year Manufacturer Warranty for Tablet and 6 Months Warranty for in the Box Accessories
Apple,4.6,1058,95,79900,8GB,256GB,21.08 cm (8.3 inch) Display,A15 Bionic Chip with 64-bit Architecture,12.0 MP Primary Camera | 12 MP Front,1 Year Warranty
Apple,4.6,56232,3677,60900,8GB,256GB,25.91 cm (10.2 inch) Display,A13 Bionic Chip with 64-bit Architecture,8 MP Primary Camera | 12 MP Front,1 Year Warranty
Apple,4.6,1058,95,64900,8GB,256GB,21.08 cm (8.3 inch) Display,A15 Bionic Chip with 64-bit Architecture,12 MP Primary Camera | 12 MP Front,1 Year Warranty
Apple,4.6,85,8,49900,8GB,256GB,21.08 cm (8.3 inch) Display,Apple M4 Chip,12.0 MP Primary Camera,Apple One (1) Year Limited Warranty
Apple,4.6,85,8,59900,8GB,256GB,21.08 cm (8.3 inch) Display,Apple M4 Chip,12.0 MP Primary Camera,Apple One (1) Year Limited Warranty
Apple,4.6,85,8,79900,8GB,256GB,21.08 cm (8.3 inch) Display,Apple M4 Chip,12.0 MP Primary Camera,Apple One (1) Year Limited Warranty
MOTOROLA,4.2,13372,1168,16599,4 GB RAM,128 GB ROM,26.95 cm (10.61 inch) 2K Display,Snapdragon SDM680,8 MP Primary Camera | 8 MP Front,1 Year Warranty on Tablet including Battery
Apple,4.6,56232,3677,60900,8GB,256GB,25.91 cm (10.2 inch) Display,A13 Bionic Chip with 64-bit Architecture,8 MP Primary Camera | 12 MP Front,1 Year Warranty
Lenovo,4.3,5315,361,14999,8 GB RAM,128 GB ROM,27.94 cm (11.0 inch) Display,Mediatek Helio G88,13 MP Primary Camera | 8 MP Front,1 Year Comprehensive Warranty
Lenovo,4.5,3700,403,18999,8.0 GB RAM,128 GB ROM,29.21 cm (11.5 inch) 2K Display,Mediatek Helio G99,8.0 MP Primary Camera | 8 MP Front,1 Year Warranty from Lenovo
Apple,4.6,189,4,234900,8GB,256GB,32.77 cm (12.9 inch) Quad HD Display,Apple M2 chip,12 MP Primary Camera | 12 MP Front,1 Year Limited Hardware Warranty
Apple,4.6,99,6,229900,8GB,256GB,27.94 cm (11.0 Inch) Display,Apple M4 Chip,12 MP Primary Camera | 12 MP Front,Apple One (1) Year Limited Warranty
Apple,4.6,99,6,189900,8GB,256GB,27.94 cm (11.0 Inch) Display,Apple M4 Chip,12 MP Primary Camera | 12 MP Front,Apple One (1) Year Limited Warranty
Lenovo,4.3,5315,361,13999,4 GB RAM,128 GB ROM,27.94 cm (11.0 inch) Display,Mediatek Helio G88,13 MP Primary Camera | 8 MP Front,1 Year Comprehensive Warranty
Lenovo,4.4,765,39,16999,8 GB RAM,128 GB ROM,27.94 cm (11.0 inch) Display,MediaTek Helio G88,13 MP Primary Camera | 8 MP Front,1 Year Manufacturer Warranty from the Date of Purchase
Apple,4.6,99,6,99900,8GB,256GB,27.94 cm (11.0 Inch) Display,Apple M4 Chip,12 MP Primary Camera | 12 MP Front,Apple One (1) Year Limited Warranty
Apple,4.6,99,6,139900,8GB,256GB,27.94 cm (11.0 Inch) Display,Apple M4 Chip,12 MP Primary Camera | 12 MP Front,Apple One (1) Year Limited Warranty
Baatu,4.1,156,21,8199,4 GB RAM,64 GB ROM,25.65 cm (10.1 inch) HD Display,MediaTek,8 MP Primary Camera | 5 MP Front,Apple One (1) Year Limited Warranty
Apple,4.6,99,6,199900,8GB,256GB,27.94 cm (11.0 Inch) Display,Apple M4 Chip,12 MP Primary Camera | 12 MP Front,Apple One (1) Year Limited Warranty
Apple,4.6,99,6,219900,8GB,256GB,27.94 cm (11.0 Inch) Display,Apple M4 Chip,12 MP Primary Camera | 12 MP Front,Apple One (1) Year Limited Warranty
Apple,4.6,99,6,229900,8GB,256GB,27.94 cm (11.0 Inch) Display,Apple M4 Chip,12 MP Primary Camera | 12 MP Front,Apple One (1) Year Limited Warranty
Apple,4.6,99,6,219900,8GB,256GB,27.94 cm (11.0 Inch) Display,Apple M4 Chip,12 MP Primary Camera | 12 MP Front,Apple One (1) Year Limited Warranty
Apple,4.6,99,6,209900,8GB,256GB,27.94 cm (11.0 Inch) Display,Apple M4 Chip,12 MP Primary Camera | 12 MP Front,Apple One (1) Year Limited Warranty
Apple,4.6,99,6,99900,8GB,256GB,27.94 cm (11.0 Inch) Display,Apple M4 Chip,12 MP Primary Camera | 12 MP Front,Apple One (1) Year Limited Warranty
Apple,4.6,99,6,179900,8GB,256GB,27.94 cm (11.0 Inch) Display,Apple M4 Chip,12 MP Primary Camera | 12 MP Front,Apple One (1) Year Limited Warranty
Apple,4.6,99,6,199900,8GB,256GB,27.94 cm (11.0 Inch) Display,Apple M4 Chip,12 MP Primary Camera | 12 MP Front,Apple One (1) Year Limited Warranty
Apple,4.6,99,6,159900,8GB,256GB,27.94 cm (11.0 Inch) Display,Apple M4 Chip,12 MP Primary Camera | 12 MP Front,Apple One (1) Year Limited Warranty
Apple,4.6,99,6,169900,8GB,256GB,27.94 cm (11.0 Inch) Display,Apple M4 Chip,12 MP Primary Camera | 12 MP Front,Apple One (1) Year Limited Warranty
Apple,4.6,99,6,119900,8GB,256GB,27.94 cm (11.0 Inch) Display,Apple M4 Chip,12 MP Primary Camera | 12 MP Front,Apple One (1) Year Limited Warranty
Apple,4.6,99,6,119900,8GB,256GB,27.94 cm (11.0 Inch) Display,Apple M4 Chip,12 MP Primary Camera | 12 MP Front,Apple One (1) Year Limited Warranty
Apple,4.5,22,1,229900,8GB,256GB,33.02 cm (13.0 Inch) Display,Apple M4 Chip,12 MP Primary Camera | 12 MP Front,Apple One (1) Year Limited Warranty
Apple,4.5,22,1,219900,8GB,256GB,33.02 cm (13.0 Inch) Display,Apple M4 Chip,12 MP Primary Camera | 12 MP Front,Apple One (1) Year Limited Warranty
Lenovo,4.3,5315,361,14999,8 GB RAM,128 GB ROM,27.94 cm (11.0 inch) Display,Mediatek Helio G88,13 MP Primary Camera | 8 MP Front,1 Year Comprehensive Warranty
Lenovo,4.5,3700,403,18999,8.0 GB RAM,128 GB ROM,29.21 cm (11.5 inch) 2K Display,Mediatek Helio G99,8.0 MP Primary Camera | 8 MP Front,1 Year Warranty from Lenovo
Apple,4.5,22,1,249900,8GB,256GB,33.02 cm (13.0 Inch) Display,Apple M4 Chip,12 MP Primary Camera | 12 MP Front,Apple One (1) Year Limited Warranty
Apple,4.5,22,1,239900,8GB,256GB,33.02 cm (13.0 Inch) Display,Apple M4 Chip,12 MP Primary Camera | 12 MP Front,Apple One (1) Year Limited Warranty
Lenovo,4.3,5315,361,13999,4 GB RAM,128 GB ROM,27.94 cm (11.0 inch) Display,Mediatek Helio G88,13 MP Primary Camera | 8 MP Front,1 Year Comprehensive Warranty
Apple,4.5,22,1,229900,8GB,256GB,33.02 cm (13.0 Inch) Display,Apple M4 Chip,12 MP Primary Camera | 12 MP Front,Apple One (1) Year Limited Warranty
Apple,4.5,22,1,259900,8GB,256GB,33.02 cm (13.0 Inch) Display,Apple M4 Chip,12 MP Primary Camera | 12 MP Front,Apple One (1) Year Limited Warranty
Apple,4.5,22,1,239900,8GB,256GB,33.02 cm (13.0 Inch) Display,Apple M4 Chip,12 MP Primary Camera | 12 MP Front,Apple One (1) Year Limited Warranty
Apple,4.5,22,1,149900,8GB,256GB,33.02 cm (13.0 Inch) Display,Apple M4 Chip,12 MP Primary Camera | 12 MP Front,Apple One (1) Year Limited Warranty
Baatu,4.1,156,21,8199,4 GB RAM,64 GB ROM,25.65 cm (10.1 inch) HD Display,MediaTek,8 MP Primary Camera | 5 MP Front,Apple One (1) Year Limited Warranty
Apple,4.5,22,1,189900,8GB,256GB,33.02 cm (13.0 Inch) Display,Apple M4 Chip,12 MP Primary Camera | 12 MP Front,Apple One (1) Year Limited Warranty
Apple,4.5,22,1,209900,8GB,256GB,33.02 cm (13.0 Inch) Display,Apple M4 Chip,12 MP Primary Camera | 12 MP Front,Apple One (1) Year Limited Warranty
Apple,4.5,22,1,199900,8GB,256GB,33.02 cm (13.0 Inch) Display,Apple M4 Chip,12 MP Primary Camera | 12 MP Front,Apple One (1) Year Limited Warranty
Apple,4.6,99,6,179900,8GB,256GB,27.94 cm (11.0 Inch) Display,Apple M4 Chip,12 MP Primary Camera | 12 MP Front,Apple One (1) Year Limited Warranty
Apple,4.6,99,6,139900,8GB,256GB,27.94 cm (11.0 Inch) Display,Apple M4 Chip,12 MP Primary Camera | 12 MP Front,Apple One (1) Year Limited Warranty
Apple,4.5,22,1,149900,8GB,256GB,33.02 cm (13.0 Inch) Display,Apple M4 Chip,12 MP Primary Camera | 12 MP Front,Apple One (1) Year Limited Warranty
Apple,4.6,99,6,119900,8GB,256GB,27.94 cm (11.0 Inch) Display,Apple M4 Chip,12 MP Primary Camera | 12 MP Front,Apple One (1) Year Limited Warranty
Apple,4.5,22,1,129900,8GB,256GB,33.02 cm (13.0 Inch) Display,Apple M4 Chip,12 MP Primary Camera | 12 MP Front,Apple One (1) Year Limited Warranty
Apple,4.5,22,1,129900,8GB,256GB,33.02 cm (13.0 Inch) Display,Apple M4 Chip,12 MP Primary Camera | 12 MP Front,Apple One (1) Year Limited Warranty
Apple,4.6,189,4,194900,8GB,256GB,32.77 cm (12.9 inch) Quad HD Display,Apple M2 chip,12 MP Primary Camera | 12 MP Front,1 Year Limited Hardware Warranty
Apple,4.6,1058,95,64900,8GB,256GB,21.08 cm (8.3 inch) Display,A15 Bionic Chip with 64-bit Architecture,12 MP Primary Camera | 12 MP Front,1 Year Warranty
Apple,4.7,1063,71,124900,8GB,256GB,27.94 cm (11.0 inch) Full HD Display,Apple M2 chip,12 MP Primary Camera | 12 MP Front,1 Year Limited Hardware Warranty
Lenovo,4.3,5315,361,14999,8 GB RAM,128 GB ROM,27.94 cm (11.0 inch) Display,Mediatek Helio G88,13 MP Primary Camera | 8 MP Front,1 Year Comprehensive Warranty
Lenovo,4.5,3700,403,18999,8.0 GB RAM,128 GB ROM,29.21 cm (11.5 inch) 2K Display,Mediatek Helio G99,8.0 MP Primary Camera | 8 MP Front,1 Year Warranty from Lenovo
Apple,4.7,1063,71,164900,8GB,256GB,27.94 cm (11.0 inch) Full HD Display,Apple M2 chip,12 MP Primary Camera | 12 MP Front,1 Year Limited Hardware Warranty
Apple,4.6,1058,95,49900,8GB,256GB,21.08 cm (8.3 inch) Display,A15 Bionic Chip with 64-bit Architecture,12 MP Primary Camera | 12 MP Front,1 Year Warranty
Huawei,3.5,47,8,15990,2 GB RAM,32 GB ROM,20.32 cm (8 inch) HD Display,MTK MT8768 Octa Core,5 MP Primary Camera | 2 MP Front,Apple One (1) Year Limited Warranty
Apple,4.6,1058,95,79900,8GB,256GB,21.08 cm (8.3 inch) Display,A15 Bionic Chip with 64-bit Architecture,12 MP Primary Camera | 12 MP Front,1 Year Warranty
Lenovo,4.3,5315,361,13999,4 GB RAM,128 GB ROM,27.94 cm (11.0 inch) Display,Mediatek Helio G88,13 MP Primary Camera | 8 MP Front,1 Year Comprehensive Warranty
Lenovo,4.4,765,39,16999,8 GB RAM,128 GB ROM,27.94 cm (11.0 inch) Display,MediaTek Helio G88,13 MP Primary Camera | 8 MP Front,1 Year Manufacturer Warranty from the Date of Purchase
Apple,4.6,1058,95,64900,8GB,256GB,21.08 cm (8.3 inch) Display,A15 Bionic Chip with 64-bit Architecture,12 MP Primary Camera | 12 MP Front,1 Year Warranty
Apple,4.6,1058,95,64900,8GB,256GB,21.08 cm (8.3 inch) Display,A15 Bionic Chip with 64-bit Architecture,12 MP Primary Camera | 12 MP Front,1 Year Warranty
Baatu,4.1,156,21,8199,4 GB RAM,64 GB ROM,25.65 cm (10.1 inch) HD Display,MediaTek,8 MP Primary Camera | 5 MP Front,Apple One (1) Year Limited Warranty
Apple,4.7,1063,71,204900,8GB,256GB,27.94 cm (11.0 inch) Full HD Display,Apple M2 chip,12 MP Primary Camera | 12 MP Front,1 Year Limited Hardware Warranty
Apple,4.7,1063,71,189900,8GB,256GB,27.94 cm (11.0 inch) Full HD Display,Apple M2 chip,12 MP Primary Camera | 12 MP Front,1 Year Limited Hardware Warranty
Apple,4.4,9,0,79900,8GB,256GB,33.02 cm (13.0 inch) Display,Apple M3 Chip,12 MP Primary Camera | 12 MP Front,1 Year Brand Warranty
Apple,4.6,5584,796,59900,8GB,256GB,20.07 cm (7.9 inch) Full HD Display,"A12 Bionic Chip, 64-bit Architecture with Neural Engine and Embedded M12 Co-processor",8.0 MP Primary Camera | 7 MP Front,1 Year Manufacturer Warranty for Device and In-box Accessories Including Battery from the Date of Purchase
Apple,4.7,173,32,103800,8GB,256GB,32.77 cm (12.9 inch) Quad HD Display,A10X Fusion Chip with 64‑bit Architecture with Embedded M10 Coprocessor,12.0 MP Primary Camera | 7 MP Front,Apple One (1) Year Limited Warranty
Apple,4.7,3204,386,91100,8GB,256GB,26.67 cm (10.5 inch) Quad HD Display,A10X Fusion Chip with 64‑bit Architecture with Embedded M10 Coprocessor,12.0 MP Primary Camera | 7 MP Front,Apple One (1) Year Limited Warranty
Apple,4.6,1698,241,41900,2 GB RAM,16 GB ROM,24.64 cm (9.7 inch) Quad HD Display,A8X Chip with M8 Motion Co-processor,8.0 MP Primary Camera | 1.2 MP Front,1 Year Warranty
Apple,4.7,173,32,63500,8GB,256GB,32.77 cm (12.9 inch) Quad HD Display,A10X Fusion Chip with 64‑bit Architecture with Embedded M10 Coprocessor,12.0 MP Primary Camera | 7 MP Front,Apple One (1) Year Limited Warranty
Apple,4.7,173,32,63500,8GB,256GB,32.77 cm (12.9 inch) Quad HD Display,A10X Fusion Chip with 64‑bit Architecture with Embedded M10 Coprocessor,12.0 MP Primary Camera | 7 MP Front,Apple One (1) Year Limited Warranty
REDMI,4.4,25510,2067,28999,4 GB RAM,128 GB ROM,26.95 cm (10.61 Inch) Display,Octa Core,8.0 MP Primary Camera | 8 MP Front,1 Year Domestic Warranty
Apple,4.7,9299,640,68900,8GB,256GB,27.69 cm (10.9 inch) Full HD Display,A14 Bionic Chip (64‑bit Architecture) with Neural Engine,12.0 MP Primary Camera | 7 MP Front,1 Year Limited Hardware Warranty
Apple,4.7,3204,386,80500,8GB,256GB,26.67 cm (10.5 inch) Quad HD Display,A10X Fusion Chip with 64‑bit Architecture with Embedded M10 Coprocessor,12.0 MP Primary Camera | 7 MP Front,Apple One (1) Year Limited Warranty
Apple,4.7,3204,386,74100,8GB,256GB,26.67 cm (10.5 inch) Quad HD Display,A10X Fusion Chip with 64‑bit Architecture with Embedded M10 Coprocessor,12.0 MP Primary Camera | 7 MP Front,Apple One (1) Year Limited Warranty
Apple,4.7,3204,386,61400,8GB,256GB,26.67 cm (10.5 inch) Quad HD Display,A10X Fusion Chip with 64‑bit Architecture with Embedded M10 Coprocessor,12.0 MP Primary Camera | 7 MP Front,Apple One (1) Year Limited Warranty
Lenovo,4.3,5315,361,14999,8 GB RAM,128 GB ROM,27.94 cm (11.0 inch) Display,Mediatek Helio G88,13 MP Primary Camera | 8 MP Front,1 Year Comprehensive Warranty
Lenovo,4.5,3700,403,18999,8.0 GB RAM,128 GB ROM,29.21 cm (11.5 inch) 2K Display,Mediatek Helio G99,8.0 MP Primary Camera | 8 MP Front,1 Year Warranty from Lenovo
Apple,4.7,3204,386,61400,8GB,256GB,26.67 cm (10.5 inch) Quad HD Display,A10X Fusion Chip with 64‑bit Architecture with Embedded M10 Coprocessor,12.0 MP Primary Camera | 7 MP Front,Apple One (1) Year Limited Warranty
Apple,4.7,3204,386,80500,8GB,256GB,26.67 cm (10.5 inch) Quad HD Display,A10X Fusion Chip with 64‑bit Architecture with Embedded M10 Coprocessor,12.0 MP Primary Camera | 7 MP Front,Apple One (1) Year Limited Warranty
Lenovo,4.3,5315,361,13999,4 GB RAM,128 GB ROM,27.94 cm (11.0 inch) Display,Mediatek Helio G88,13 MP Primary Camera | 8 MP Front,1 Year Comprehensive Warranty
Lenovo,4.4,765,39,16999,8 GB RAM,128 GB ROM,27.94 cm (11.0 inch) Display,MediaTek Helio G88,13 MP Primary Camera | 8 MP Front,1 Year Manufacturer Warranty from the Date of Purchase
Apple,4.6,12007,1653,35700,6GB,128GB,24.64 cm (9.7 inch) Full HD Display,A9 Chip with 64-bit Architecture with Embedded M9 Co-processor,8.0 MP Primary Camera | 1.2 MP Front,Apple One (1) Year Limited Warranty
Apple,4.7,9299,640,54900,8GB,256GB,27.69 cm (10.9 inch) Full HD Display,A14 Bionic Chip (64‑bit Architecture) with Neural Engine,12.0 MP Primary Camera | 7 MP Front,1 Year Limited Hardware Warranty
Honor,4.4,878,99,29999,4 GB RAM,128 GB ROM,30.48 cm (12 inch) Display,"Qualcomm Snapdragon 680, Octa Core, 4 x A73 (at 2.4 GHz) + 4 A53 (at 1.9 GHz)",5 MP Primary Camera | 5 MP Front,Apple One (1) Year Limited Warranty
Apple,4.6,12007,1653,35700,6GB,128GB,24.64 cm (9.7 inch) Full HD Display,A9 Chip with 64-bit Architecture with Embedded M9 Co-processor,8.0 MP Primary Camera | 1.2 MP Front,Apple One (1) Year Limited Warranty
Baatu,4.1,156,21,8199,4 GB RAM,64 GB ROM,25.65 cm (10.1 inch) HD Display,MediaTek,8 MP Primary Camera | 5 MP Front,Apple One (1) Year Limited Warranty
iball,3.7,153,22,7499,2 GB RAM,32 GB ROM,20.32 cm (8 inch) Display,Powerful Quad Core 1.3GHz ARM Cortex A7 Processor,8 MP Primary Camera,Apple One (1) Year Limited Warranty
Apple,4.7,3204,386,63500,8GB,256GB,26.67 cm (10.5 inch) Quad HD Display,A10X Fusion Chip with 64‑bit Architecture with Embedded M10 Coprocessor,12.0 MP Primary Camera | 7 MP Front,Apple One (1) Year Limited Warranty
Apple,4.7,2458,276,44900,8GB,256GB,26.67 cm (10.5 inch) Full HD Display,"A12 Bionic Chip, 64-bit Architecture with Neural Engine and Embedded M12 Co-processor",8.0 MP Primary Camera | 7 MP Front,1 Year Manufacturer Warranty for Device and In-box Accessories Including Battery from the Date of Purchase
Apple,4.7,173,32,93200,8GB,256GB,32.77 cm (12.9 inch) Quad HD Display,A10X Fusion Chip with 64‑bit Architecture with Embedded M10 Coprocessor,12.0 MP Primary Camera | 7 MP Front,Apple One (1) Year Limited Warranty
Apple,4.4,9,0,129900,8GB,256GB,33.02 cm (13.0 inch) Display,Apple M3 Chip,12 MP Primary Camera | 12 MP Front,1 Year Brand Warranty
Apple,4.5,380,64,49900,2 GB RAM,32 GB ROM,24.64 cm (9.7 inch) Display,"A9X Chip 64-bit, Embedded M9 Co-processor",12.0 MP Primary Camera | 5 MP Front,Apple One (1) Year Limited Warranty
Apple,4.7,3204,386,74100,8GB,256GB,26.67 cm (10.5 inch) Quad HD Display,A10X Fusion Chip with 64‑bit Architecture with Embedded M10 Coprocessor,12.0 MP Primary Camera | 7 MP Front,Apple One (1) Year Limited Warranty
Apple,4.7,2458,276,44900,8GB,256GB,26.67 cm (10.5 inch) Full HD Display,"A12 Bionic Chip, 64-bit Architecture with Neural Engine and Embedded M12 Co-processor",8.0 MP Primary Camera | 7 MP Front,1 Year Manufacturer Warranty for Device and In-box Accessories Including Battery from the Date of Purchase
Lenovo,4.3,5315,361,14999,8 GB RAM,128 GB ROM,27.94 cm (11.0 inch) Display,Mediatek Helio G88,13 MP Primary Camera | 8 MP Front,1 Year Comprehensive Warranty
Lenovo,4.5,3700,403,18999,8.0 GB RAM,128 GB ROM,29.21 cm (11.5 inch) 2K Display,Mediatek Helio G99,8.0 MP Primary Camera | 8 MP Front,1 Year Warranty from Lenovo
iball,3.7,531,61,2999,512 MB RAM,8 GB ROM,17.78 cm (7 inch) Display,Powerful Quad Core 1.3GHz ARM Cortex A7 Processor,2 MP Primary Camera,Apple One (1) Year Limited Warranty
Apple,4.7,173,32,76200,8GB,256GB,32.77 cm (12.9 inch) Quad HD Display,A10X Fusion Chip with 64‑bit Architecture with Embedded M10 Coprocessor,12.0 MP Primary Camera | 7 MP Front,Apple One (1) Year Limited Warranty
Lenovo,4.3,5315,361,13999,4 GB RAM,128 GB ROM,27.94 cm (11.0 inch) Display,Mediatek Helio G88,13 MP Primary Camera | 8 MP Front,1 Year Comprehensive Warranty
Lenovo,4.4,765,39,16999,8 GB RAM,128 GB ROM,27.94 cm (11.0 inch) Display,MediaTek Helio G88,13 MP Primary Camera | 8 MP Front,1 Year Manufacturer Warranty from the Date of Purchase
Apple,4.7,3204,386,91100,8GB,256GB,26.67 cm (10.5 inch) Quad HD Display,A10X Fusion Chip with 64‑bit Architecture with Embedded M10 Coprocessor,12.0 MP Primary Camera | 7 MP Front,Apple One (1) Year Limited Warranty
Apple,4.7,173,32,86800,8GB,256GB,32.77 cm (12.9 inch) Quad HD Display,A10X Fusion Chip with 64‑bit Architecture with Embedded M10 Coprocessor,12.0 MP Primary Camera | 7 MP Front,Apple One (1) Year Limited Warranty
TCL,4,524,66,27999,3 GB RAM,32 GB ROM,25.65 cm (10.1 inches) Full HD Display,"MT8768E (MT6762 ) 4 x A53 2.0 GHz, 4 x A53 1.5 GHz",8 MP Primary Camera | 5 MP Front,1 Year Manufacturer Warranty
Apple,4.7,2458,276,55900,8GB,256GB,26.67 cm (10.5 inch) Full HD Display,"A12 Bionic Chip, 64-bit Architecture with Neural Engine and Embedded M12 Co-processor",8.0 MP Primary Camera | 7 MP Front,1 Year Manufacturer Warranty for Device and In-box Accessories Including Battery from the Date of Purchase
Baatu,4.1,156,21,8199,4 GB RAM,64 GB ROM,25.65 cm (10.1 inch) HD Display,MediaTek,8 MP Primary Camera | 5 MP Front,Apple One (1) Year Limited Warranty
Elevn,3.6,604,95,34990,4 GB RAM,128 GB ROM,25.65 cm (10.1 inches) Full HD Display,Octa-core A55 1.6 GHz + 1.2 GHz,13.0 MP Primary Camera | 5 MP Front,Apple One (1) Year Limited Warranty
Apple,4.6,12007,1653,46300,8GB,256GB,24.64 cm (9.7 inch) Full HD Display,A9 Chip with 64-bit Architecture with Embedded M9 Co-processor,8.0 MP Primary Camera | 1.2 MP Front,Apple One (1) Year Limited Warranty
Alcatel,4,140,23,12999,2 GB RAM,32 GB ROM,20.32 cm (8 inches) Display,MediaTek Quad Core (MT8765B),5 MP Primary Camera,Apple One (1) Year Limited Warranty
Apple,4.7,173,32,103800,8GB,256GB,32.77 cm (12.9 inch) Quad HD Display,A10X Fusion Chip with 64‑bit Architecture with Embedded M10 Coprocessor,12.0 MP Primary Camera | 7 MP Front,Apple One (1) Year Limited Warranty
Lenovo,4.4,1864,206,20999,8 GB RAM,128 GB ROM,32.26 cm (12.7 Inch) Display,MediaTek Dimensity 7050,13 MP Primary Camera | 8 MP Front,1 Year Comprehensive Warranty
TCL,4.2,3038,444,34999,4 GB RAM,64 GB ROM,26.31 cm (10.36 inches) Full HD Display,Octa-Core: 4 x Cortex-A73 at 2.0 GHz + 4 x Cortex-A53 at 2.0 GHz,13 MP Primary Camera | 8 MP Front,1 Year Manufacturer Warranty
Apple,4.6,51,4,129900,8GB,256GB,33.02 cm (13.0 Inch) Display,Apple M2 Chip,12 MP Primary Camera | 12 MP Front,Apple One (1) Year Limited Warranty
TCL,4.2,3038,444,34999,4 GB RAM,64 GB ROM,26.31 cm (10.36 inches) Full HD Display,Octa-Core: 4 x Cortex-A73 at 2.0GHz + 4 x Cortex-A53 at 2.0GHz,13 MP Primary Camera | 8 MP Front,1 Year Manufacturer Warranty
Lenovo,4.3,276,23,30000,4 GB RAM,128 GB ROM,26.16 cm (10.3 inches) Full HD Display,Mediatek Helio P22T Octa Core (4 x A53 at 2.3GHz + 4 x A53 at 1.8GHz),8.0 MP Primary Camera | 5 MP Front,1 Year Warranty
HP,3.8,1708,256,16999,1 GB RAM,16 GB ROM,17.78 cm (7 inch) HD Display,Marvell PXA1088 Quad Core,5 MP Primary Camera | 2 MP Front,Apple One (1) Year Limited Warranty
TCL,4,495,44,29999,3 GB RAM,64 GB ROM,25.65 cm (10.1 inches) Full HD Display,"MT8768E Octa-Core CPU, 2.0 GHz",5 MP Primary Camera | 5 MP Front,1 Year Manufacturer Warranty
Apple,4.7,9299,640,54900,8GB,256GB,27.69 cm (10.9 inch) Full HD Display,A14 Bionic Chip (64-bit Architecture) with Neural Engine,12.0 MP Primary Camera | 7 MP Front,1 Year Limited Hardware Warranty
Lenovo,4.3,5315,361,14999,8 GB RAM,128 GB ROM,27.94 cm (11.0 inch) Display,Mediatek Helio G88,13 MP Primary Camera | 8 MP Front,1 Year Comprehensive Warranty
Lenovo,4.5,3700,403,18999,8.0 GB RAM,128 GB ROM,29.21 cm (11.5 inch) 2K Display,Mediatek Helio G99,8.0 MP Primary Camera | 8 MP Front,1 Year Warranty from Lenovo
DOMO,3.4,18,2,7690,4 GB RAM,32 GB ROM,25.65 cm (10.1 inch) HD Display,MTK 6750 A53 64 bit Octa Core Processor running @ 2.5GHz (1.5GHz QuadCore + 1GHz QuadCore),13 MP Primary Camera | 5 MP Front,Apple One (1) Year Limited Warranty
Apple,4.7,1083,48,109900,8GB,256GB,27.94 cm (11.0 Inch) Display,Apple M2 Chip,12 MP Primary Camera | 12 MP Front,Apple One (1) Year Limited Warranty
Lenovo,4.2,1090,77,37000,4 GB RAM,128 GB ROM,27.94 cm (11.0 inches) Display,Qualcomm Snapdragon 662 octa-core processor (Upto 2 GHz),13 MP Primary Camera | 8 MP Front,1 Year Warranty
Lenovo,4.3,5315,361,13999,4 GB RAM,128 GB ROM,27.94 cm (11.0 inch) Display,Mediatek Helio G88,13 MP Primary Camera | 8 MP Front,1 Year Comprehensive Warranty
Lenovo,4.4,765,39,16999,8 GB RAM,128 GB ROM,27.94 cm (11.0 inch) Display,MediaTek Helio G88,13 MP Primary Camera | 8 MP Front,1 Year Manufacturer Warranty from the Date of Purchase
Lenovo,4.3,1898,174,17653,3 GB RAM,32 GB ROM,26.16 cm (10.3 inches) Display,Mediatek Helio P22T Octa Core,8 MP Primary Camera | 5 MP Front,Apple One (1) Year Limited Warranty
MOTOROLA,4.2,8508,903,35000,4 GB RAM,64 GB ROM,27.94 cm (11 inch) 2K Display,MediaTek Helio G90T Octa-Core,13.0 MP Primary Camera,Apple One (1) Year Limited Warranty
Baatu,4.1,156,21,8199,4 GB RAM,64 GB ROM,25.65 cm (10.1 inch) HD Display,MediaTek,8 MP Primary Camera | 5 MP Front,Apple One (1) Year Limited Warranty
Nokia,4.2,446,51,19999,4 GB RAM,64 GB ROM,26.16 cm (10.3 inch) 2K Display,Unisoc,8.0 MP Primary Camera | 8 MP Front,1 Year Manufacturer Warranty for Device and Battery and 6 Months Manufacturer Warranty for In-Box Accessories from the Date of Purchase
Lenovo,4,224,20,33000,4 GB RAM,128 GB ROM,26.16 cm (10.3 inches) Full HD Display,Mediatek Helio P22T Octa Core (8x A53 at 2.3GHz),8.0 MP Primary Camera | 5 MP Front,1 Year Warranty
Apple,4.6,12007,1653,28000,2 GB RAM,32 GB ROM,24.64 cm (9.7 inch) Full HD Display,A9 Chip with 64-bit Architecture with Embedded M9 Co-processor,8.0 MP Primary Camera | 1.2 MP Front,Apple One (1) Year Limited Warranty
Apple,4.7,9299,640,66900,8GB,256GB,27.69 cm (10.9 inch) Full HD Display,A14 Bionic Chip (64-bit Architecture) with Neural Engine,12 MP Primary Camera | 7 MP Front,1 Year Limited Hardware Warranty
Lenovo,4.2,1613,192,13900,2 GB RAM,16 GB ROM,25.65 cm (10.1 inch) HD Display,Qualcomm Snapdragon MSM8917 Quad Core 64-bit Processor,5 MP Primary Camera | 2 MP Front,Apple One (1) Year Limited Warranty
Apple,4.6,5584,796,45900,8GB,256GB,20.07 cm (7.9 inch) Full HD Display,"A12 Bionic Chip, 64-bit Architecture with Neural Engine and Embedded M12 Co-processor",8.0 MP Primary Camera | 7 MP Front,1 Year Manufacturer Warranty for Device and In-box Accessories Including Battery from the Date of Purchase
Lenovo,3.7,3131,276,7000,1 GB RAM,8 GB ROM,17.78 cm (7 inch) HD Display,MediaTek (MT8321) Quad Core (1.3 GHz),2 MP Primary Camera | 2 MP Front,Apple One (1) Year Limited Warranty
Lenovo,4.3,1898,174,16000,3 GB RAM,32 GB ROM,26.16 cm (10.3 inches) Display,Mediatek Helio P22T Octa Core,8 MP Primary Camera | 5 MP Front,Apple One (1) Year Limited Warranty
Apple,4.8,544,43,71900,8GB,256GB,27.94 cm (11 inch) Full HD Display,"A12x Bionic Chip, 64-bit Architecture with Neural Engine and Embedded M12 Co-processor",12.0 MP Primary Camera | 7 MP Front,1 Year Manufacturer Warranty for Device and In-box Accessories Including Battery from the Date of Purchase
Lenovo,4.3,674,57,20999,6 GB RAM,128 GB ROM,29.21 cm (11.5 inch) 2K Display,Mediatek Helio G99,13.0 MP Primary Camera | 8 MP Front,1 Year Comprehensive Warranty
Apple,4.6,51,4,79900,8GB,256GB,33.02 cm (13.0 Inch) Display,Apple M2 Chip,12 MP Primary Camera | 12 MP Front,Apple One (1) Year Limited Warranty
Apple,4.6,5584,796,45900,8GB,256GB,20.07 cm (7.9 inch) Full HD Display,"A12 Bionic Chip, 64-bit Architecture with Neural Engine and Embedded M12 Co-processor",8.0 MP Primary Camera | 7 MP Front,1 Year Manufacturer Warranty for Device and In-box Accessories Including Battery from the Date of Purchase
Lenovo,4.2,1613,192,20990,2 GB RAM,16 GB ROM,25.65 cm (10.1 inch) HD Display,Qualcomm Snapdragon MSM8917 Quad Core 64-bit Processor,5.0 MP Primary Camera | 2 MP Front,Apple One (1) Year Limited Warranty
Apple,4.6,51,4,109900,8GB,256GB,33.02 cm (13.0 Inch) Display,Apple M2 Chip,12 MP Primary Camera | 12 MP Front,Apple One (1) Year Limited Warranty
Lenovo,4.3,5315,361,14999,8 GB RAM,128 GB ROM,27.94 cm (11.0 inch) Display,Mediatek Helio G88,13 MP Primary Camera | 8 MP Front,1 Year Comprehensive Warranty
Lenovo,4.5,3700,403,18999,8.0 GB RAM,128 GB ROM,29.21 cm (11.5 inch) 2K Display,Mediatek Helio G99,8.0 MP Primary Camera | 8 MP Front,1 Year Warranty from Lenovo
iball,3.7,584,87,6099,1 GB RAM,8 GB ROM,17.78 cm (7 inch) HD Display,Powerful Quad Core 1.3GHz ARM Cortex A7 Processor,2.0 MP Primary Camera | 2 MP Front,1 Year Service Center Warranty
Apple,4.6,51,4,104900,8GB,256GB,33.02 cm (13.0 Inch) Display,Apple M2 Chip,12 MP Primary Camera | 12 MP Front,Apple One (1) Year Limited Warranty
Lenovo,4.3,5315,361,13999,4 GB RAM,128 GB ROM,27.94 cm (11.0 inch) Display,Mediatek Helio G88,13 MP Primary Camera | 8 MP Front,1 Year Comprehensive Warranty
Lenovo,4.1,2301,401,10000,2 GB RAM,16 GB ROM,20.32 cm (8 inch) HD Display,MediaTek 64-bit Quad Core,5.0 MP Primary Camera | 2 MP Front,Apple One (1) Year Limited Warranty
Apple,4.4,416,63,42900,2 GB RAM,128 GB ROM,20.07 cm (7.9 inch) Display,Apple M4 Chip,8.0 MP Primary Camera,Apple One (1) Year Limited Warranty
Apple,4.7,2458,276,69900,8GB,256GB,26.67 cm (10.5 inch) Full HD Display,"A12 Bionic Chip, 64-bit Architecture with Neural Engine and Embedded M12 Co-processor",8.0 MP Primary Camera | 7 MP Front,1 Year Manufacturer Warranty for Device and In-box Accessories Including Battery from the Date of Purchase
Apple,4.8,105,11,157900,8GB,256GB,32.77 cm (12.9 inch) Quad HD Display,"A12x Bionic Chip, 64-bit Architecture with Neural Engine and Embedded M12 Co-processor",12.0 MP Primary Camera | 7 MP Front,1 Year Manufacturer Warranty for Device and In-box Accessories Including Battery from the Date of Purchase
Baatu,4.1,156,21,8199,4 GB RAM,64 GB ROM,25.65 cm (10.1 inch) HD Display,MediaTek,8 MP Primary Camera | 5 MP Front,Apple One (1) Year Limited Warranty
Apple,4.6,12007,1653,28000,6GB,128GB,24.64 cm (9.7 inch) Full HD Display,A9 Chip with 64-bit Architecture with Embedded M9 Co-processor,8.0 MP Primary Camera | 1.2 MP Front,Apple One (1) Year Limited Warranty
Apple,4.7,9299,640,80900,8GB,256GB,27.69 cm (10.9 inch) Full HD Display,A14 Bionic Chip (64-bit Architecture) with Neural Engine,12 MP Primary Camera | 7 MP Front,1 Year Limited Hardware Warranty
Apple,4.6,5584,796,34900,6GB,128GB,20.07 cm (7.9 inch) Full HD Display,"A12 Bionic Chip, 64-bit Architecture with Neural Engine and Embedded M12 Co-processor",8.0 MP Primary Camera | 7 MP Front,1 Year Manufacturer Warranty for Device and In-box Accessories Including Battery from the Date of Purchase
Samsung,4.3,752,82,16700,1.5 GB RAM,8 GB ROM,24.38 cm (9.6 inch) HD Display,Quad Core,5 MP Primary Camera | 2 MP Front,Apple One (1) Year Limited Warranty
Lenovo,4.2,12065,1425,25000,3 GB RAM,32 GB ROM,25.5 cm (10.04 inch) Full HD Display,Qualcomm Snapdragon 450 Octa Core (1.8 GHz),8 MP Primary Camera | 5 MP Front,Apple One (1) Year Limited Warranty
Apple,4.7,33177,3015,38600,6GB,128GB,24.64 cm (9.7 inch) Quad HD Display,A10 Fusion Chip with 64-bit Architecture with Embedded M10 Coprocessor,8.0 MP Primary Camera | 1.2 MP Front,Apple One (1) Year Limited Warranty
Lenovo,4.1,2413,263,13000,2 GB RAM,16 GB ROM,20.32 cm (8 inch) HD Display,MediaTek (MT8163B) Quad Core,5 MP Primary Camera | 2 MP Front,Apple One (1) Year Limited Warranty
Apple,4.6,12007,1653,38600,6GB,128GB,24.64 cm (9.7 inch) Full HD Display,A9 Chip with 64-bit Architecture with Embedded M9 Co-processor,8.0 MP Primary Camera | 1.2 MP Front,Apple One (1) Year Limited Warranty
Lenovo,4.2,9489,901,24000,3 GB RAM,32 GB ROM,25.65 cm (10.1 inch) HD Display,Qualcomm Snapdragon 429 Quad Core Processor,5.0 MP Primary Camera | 2 MP Front,Apple One (1) Year Limited Warranty
Samsung,4.7,405,49,63999,6 GB RAM,128 GB ROM,26.67 cm (10.5 inch) Quad HD Display,Octa Core Processor,13 MP Primary Camera | 8 MP Front,Apple One (1) Year Limited Warranty
Lenovo,4.2,1349,161,36000,4 GB RAM,128 GB ROM,25.65 cm (10.1 inch) Full HD Display,MediaTek P60T Octa Core,8.0 MP Primary Camera | 2 MP Front,Apple One (1) Year Limited Warranty
Lenovo,3.7,3131,276,8000,1 GB RAM,16 GB ROM,17.78 cm (7 inch) HD Display,MediaTek (MT8321) Quad Core (1.3 GHz),2.0 MP Primary Camera | 2 MP Front,Apple One (1) Year Limited Warranty
Apple,4.8,105,11,121900,8GB,256GB,32.77 cm (12.9 inch) Quad HD Display,"A12x Bionic Chip, 64-bit Architecture with Neural Engine and Embedded M12 Co-processor",12.0 MP Primary Camera | 7 MP Front,1 Year Manufacturer Warranty for Device and In-box Accessories Including Battery from the Date of Purchase
Lenovo,4.3,5315,361,14999,8 GB RAM,128 GB ROM,27.94 cm (11.0 inch) Display,Mediatek Helio G88,13 MP Primary Camera | 8 MP Front,1 Year Comprehensive Warranty
Lenovo,4.5,3700,403,18999,8.0 GB RAM,128 GB ROM,29.21 cm (11.5 inch) 2K Display,Mediatek Helio G99,8.0 MP Primary Camera | 8 MP Front,1 Year Warranty from Lenovo
I,3.1,67,4,8191,4 GB RAM,64 GB ROM,25.4 cm (10 inch) HD Display,MTK6757 Octa core,13 MP Primary Camera | 8 MP Front,1 Year Warranty Against Manufacturing Defects
iball,3.9,441,69,10999,2 GB RAM,16 GB ROM,20.32 cm (8 inch) HD Display,Powerful Quad Core 1.3GHz ARM Cortex A7 Processor,5.0 MP Primary Camera,Apple One (1) Year Limited Warranty
Apple,4.7,2168,178,71900,8 GB RAM,128 GB ROM,27.94 cm (11 inches) Quad HD Display,Apple M4 Chip,12.0 MP Primary Camera | 12 MP Front,1 Year Warranty
Samsung,4.2,2271,215,9999,1.5 GB RAM,8 GB ROM,17.78 cm (7 inch) HD Display,Qualcomm Snapdragon Quad Core Processor,5.0 MP Primary Camera | 2 MP Front,Apple One (1) Year Limited Warranty
Lenovo,4.3,5315,361,13999,4 GB RAM,128 GB ROM,27.94 cm (11.0 inch) Display,Mediatek Helio G88,13 MP Primary Camera | 8 MP Front,1 Year Comprehensive Warranty
Lenovo,4.4,765,39,16999,8 GB RAM,128 GB ROM,27.94 cm (11.0 inch) Display,MediaTek Helio G88,13 MP Primary Camera | 8 MP Front,1 Year Manufacturer Warranty from the Date of Purchase
Samsung,4.8,33,2,50999,8 GB RAM,128 GB ROM,27.69 cm (10.9 inch) WUXGA+ Display,Exynos 1580,13 Megapixels MP Primary Camera | 12 MP Front,1 Year Manufacturer Warranty for Device and 6 Months for in-box accessories
Apple,4.6,51,4,94900,8GB,256GB,33.02 cm (13.0 Inch) Display,Apple M2 Chip,12 MP Primary Camera | 12 MP Front,Apple One (1) Year Limited Warranty
Baatu,4.1,156,21,8199,4 GB RAM,64 GB ROM,25.65 cm (10.1 inch) HD Display,MediaTek,8 MP Primary Camera | 5 MP Front,Apple One (1) Year Limited Warranty
Apple,4.7,1083,48,84900,8GB,256GB,27.94 cm (11.0 Inch) Display,Apple M2 Chip,12 MP Primary Camera | 12 MP Front,Apple One (1) Year Limited Warranty
Lenovo,4.1,2413,263,12000,1 GB RAM,16 GB ROM,20.32 cm (8 inch) HD Display,MediaTek (MT8163B) Quad Core,5 MP Primary Camera | 2 MP Front,Apple One (1) Year Limited Warranty
Lenovo,4.3,1187,182,27000,3 GB RAM,16 GB ROM,25.65 cm (10.1 inch) Full HD Display,Qualcomm Snapdragon 625 (MSM8953) Octa Core 64-bit Processor,8.0 MP Primary Camera | 5 MP Front,Apple One (1) Year Limited Warranty
Apple,4.7,2168,178,170900,16 GB RAM,2 TB ROM,27.94 cm (11 inches) Quad HD Display,Apple M4 Chip,12.0 MP Primary Camera | 12 MP Front,1 Year Warranty
Lenovo,4.1,223,24,25000,2 GB RAM,16 GB ROM,25.65 cm (10.1 inch) Full HD Display,Qualcomm Snapdragon 450 Octa Core Processor,5 MP Primary Camera | 2 MP Front,Apple One (1) Year Limited Warranty
Apple,4.6,13731,1162,48900,8GB,256GB,25.91 cm (10.2 inch) Full HD Display,A10 Fusion Chip (64-bit Architecture) with Embedded M10 Co-processor,8.0 MP Primary Camera | 1.2 MP Front,Apple One (1) Year Limited Warranty
iball,3.9,2163,300,12220,4 GB RAM,64 GB ROM,25.65 cm (10.1 inch) Full HD Display,SC9863A Octa Core Cortex A55 (1.6 GHz + 1.2 GHz),13.0 MP Primary Camera | 8 MP Front,Apple One (1) Year Limited Warranty
Lenovo,4.5,3700,403,34000,8.0 GB RAM,256 GB ROM,29.21 cm (11.5 inch) 2K Display,Mediatek Helio G99,8.0 MP Primary Camera | 8 MP Front,1 Year Warranty from Lenovo
Apple,4.4,416,63,42900,2 GB RAM,128 GB ROM,20.07 cm (7.9 inch) Display,Apple M4 Chip,8.0 MP Primary Camera,Apple One (1) Year Limited Warranty
Samsung,4.7,853,95,76999,6 GB RAM,128 GB ROM,31.5 cm (12.4 inch) Quad HD Display,Qualcomm Snapdragon 865 Plus,13 MP Primary Camera | 8 MP Front,1 Year Warranty Provided by the Manufacturer from Date of Purchase
Samsung,4.7,853,95,84999,6 GB RAM,128 GB ROM,31.5 cm (12.4 inch) Quad HD Display,Qualcomm Snapdragon 865 Plus,13 MP Primary Camera | 8 MP Front,1 Year Warranty Provided by the Manufacturer from Date of Purchase
Samsung,4.6,118,4,101999,12 GB RAM,256 GB ROM,31.5 cm (12.4 inch) WQXGA+ Display,MediaTek Dimensity 9300,13 MP Primary Camera | 12 MP Front,1 Year Manufacturer Warranty for Device and 6 Months for in-box accessories
Samsung,4.5,15726,1185,33999,4 GB RAM,128 GB ROM,26.42 cm (10.4 inch) Full HD Display,Qualcomm SDM720G (Octa-Core),8.0 MP Primary Camera | 5 MP Front,1 Year Manufacturer Warranty for Tablet and 6 Months Warranty for in the Box Accessories
Lenovo,4.3,5315,361,14999,8 GB RAM,128 GB ROM,27.94 cm (11.0 inch) Display,Mediatek Helio G88,13 MP Primary Camera | 8 MP Front,1 Year Comprehensive Warranty
Lenovo,4.5,3700,403,18999,8.0 GB RAM,128 GB ROM,29.21 cm (11.5 inch) 2K Display,Mediatek Helio G99,8.0 MP Primary Camera | 8 MP Front,1 Year Warranty from Lenovo
Lenovo,4.3,1187,182,35000,4 GB RAM,64 GB ROM,25.65 cm (10.1 inch) Full HD Display,Qualcomm Snapdragon 625 (MSM8953) Octa Core 64-bit Processor,8 MP Primary Camera | 5 MP Front,Apple One (1) Year Limited Warranty
iball,3.9,2163,300,24990,4.0 GB RAM,64 GB ROM,25.65 cm (10.1 inch) Full HD Display,SC9863A Octa Core Cortex A55 1.6 GHz + 1.2 GHz,13.0 MP Primary Camera | 8 MP Front,Apple One (1) Year Limited Warranty
Lenovo,4.3,5315,361,13999,4 GB RAM,128 GB ROM,27.94 cm (11.0 inch) Display,Mediatek Helio G88,13 MP Primary Camera | 8 MP Front,1 Year Comprehensive Warranty
Lenovo,4.4,765,39,16999,8 GB RAM,128 GB ROM,27.94 cm (11.0 inch) Display,MediaTek Helio G88,13 MP Primary Camera | 8 MP Front,1 Year Manufacturer Warranty from the Date of Purchase
Apple,4.7,9299,640,80900,8GB,256GB,27.69 cm (10.9 inch) Full HD Display,A14 Bionic Chip (64-bit Architecture) with Neural Engine,12.0 MP Primary Camera | 7 MP Front,1 Year Limited Hardware Warranty
Samsung,4.5,15726,1185,33999,4 GB RAM,128 GB ROM,26.42 cm (10.4 inch) Full HD Display,Qualcomm SDM720G (Octa-Core),8.0 MP Primary Camera | 5 MP Front,1 Year Manufacturer Warranty for Tablet and 6 Months Warranty for in the Box Accessories
Samsung,4.7,853,95,76999,6 GB RAM,128 GB ROM,31.5 cm (12.4 inch) Quad HD Display,Qualcomm Snapdragon 865 Plus,13 MP Primary Camera | 8 MP Front,1 Year Warranty Provided by the Manufacturer from Date of Purchase
Apple,4.6,13731,1162,37900,6GB,128GB,25.91 cm (10.2 inch) Full HD Display,A10 Fusion Chip (64-bit Architecture) with Embedded M10 Co-processor,8.0 MP Primary Camera | 1.2 MP Front,Apple One (1) Year Limited Warranty
Baatu,4.1,156,21,8199,4 GB RAM,64 GB ROM,25.65 cm (10.1 inch) HD Display,MediaTek,8 MP Primary Camera | 5 MP Front,Apple One (1) Year Limited Warranty
Apple,4.7,1083,48,124900,8GB,256GB,27.94 cm (11.0 Inch) Display,Apple M2 Chip,12 MP Primary Camera | 12 MP Front,Apple One (1) Year Limited Warranty
Apple,4.7,1063,71,79900,8GB,256GB,27.94 cm (11.0 inch) Full HD Display,Apple M2 chip,12 MP Primary Camera | 12 MP Front,1 Year Limited Hardware Warranty
Apple,4.7,2168,178,170900,16 GB RAM,2 TB ROM,27.94 cm (11 inches) Quad HD Display,Apple M4 Chip,12.0 MP Primary Camera | 12 MP Front,1 Year Warranty
Apple,4.6,5584,796,59900,8GB,256GB,20.07 cm (7.9 inch) Full HD Display,"A12 Bionic Chip, 64-bit Architecture with Neural Engine and Embedded M12 Co-processor",8.0 MP Primary Camera | 7 MP Front,1 Year Manufacturer Warranty for Device and In-box Accessories Including Battery from the Date of Purchase
Lenovo,3.8,609,82,11000,1 GB RAM,16 GB ROM,25.65 cm (10.1 inch) HD Display,Qualcomm Snapdragon 210 Quad Core,5 MP Primary Camera | 2 MP Front,Apple One (1) Year Limited Warranty
Apple,4.6,13731,1162,40900,8GB,256GB,25.91 cm (10.2 inch) Full HD Display,A10 Fusion Chip (64-bit Architecture) with Embedded M10 Co-processor,8.0 MP Primary Camera | 1.2 MP Front,Apple One (1) Year Limited Warranty
Samsung,4.4,12646,912,28799,4 GB RAM,64 GB ROM,26.67 cm (10.5 inch) Full HD Display,Octa Core,8.0 MP Primary Camera | 5 MP Front,Apple One (1) Year Limited Warranty
Samsung,4.7,90,15,59999,6 GB RAM,128 GB ROM,27.94 cm (11 inch) Quad HD Display,Qualcomm Snapdragon 865 Plus Octa Core,13 MP Primary Camera | 8 MP Front,1 Year Warranty Provided by the Manufacturer from Date of Purchase
Lenovo,4.3,5315,361,14999,8 GB RAM,128 GB ROM,27.94 cm (11.0 inch) Display,Mediatek Helio G88,13 MP Primary Camera | 8 MP Front,1 Year Comprehensive Warranty
Lenovo,4.5,3700,403,18999,8.0 GB RAM,128 GB ROM,29.21 cm (11.5 inch) 2K Display,Mediatek Helio G99,8.0 MP Primary Camera | 8 MP Front,1 Year Warranty from Lenovo
Alcatel,3.9,336,49,14999,2 GB RAM,16 GB ROM,25.4 cm (10 inch) HD Display,MediaTek Quad Core (MT8765B),5 MP Primary Camera | 5 MP Front,Apple One (1) Year Limited Warranty
Samsung,4.5,15726,1185,33999,4 GB RAM,128 GB ROM,26.42 cm (10.4 inch) Full HD Display,Qualcomm SDM720G (Octa-Core),8.0 MP Primary Camera | 5 MP Front,1 Year Manufacturer Warranty for Tablet and 6 Months Warranty for in the Box Accessories
Lenovo,4.3,5315,361,13999,4 GB RAM,128 GB ROM,27.94 cm (11.0 inch) Display,Mediatek Helio G88,13 MP Primary Camera | 8 MP Front,1 Year Comprehensive Warranty
Lenovo,4.4,765,39,16999,8 GB RAM,128 GB ROM,27.94 cm (11.0 inch) Display,MediaTek Helio G88,13 MP Primary Camera | 8 MP Front,1 Year Manufacturer Warranty from the Date of Purchase
Samsung,4.7,853,95,71999,6 GB RAM,128 GB ROM,31.5 cm (12.4 inch) Quad HD Display,Qualcomm Snapdragon 865 Plus,13 MP Primary Camera | 8 MP Front,1 Year Warranty Provided by the Manufacturer from Date of Purchase
Samsung,4.5,3043,213,59999,6 GB RAM,128 GB ROM,31.5 cm (12.4 inches) Full HD Display,Snapdragon 700 Series,8 MP Primary Camera,1 Year Manufacturer Warranty for Tablet and 6 Months Warranty for in the Box Accessories
Lenovo,4.2,9489,901,21000,2 GB RAM,32 GB ROM,25.65 cm (10.1 inch) HD Display,Qualcomm Snapdragon 429 (Quad Core),5.0 MP Primary Camera | 2 MP Front,Apple One (1) Year Limited Warranty
Samsung,4.5,15726,1185,41999,4 GB RAM,128 GB ROM,26.42 cm (10.4 inch) Full HD Display,Qualcomm SDM720G (Octa-Core),8.0 MP Primary Camera | 5 MP Front,1 Year Manufacturer Warranty for Tablet and 6 Months Warranty for in the Box Accessories
Baatu,4.1,156,21,8199,4 GB RAM,64 GB ROM,25.65 cm (10.1 inch) HD Display,MediaTek,8 MP Primary Camera | 5 MP Front,Apple One (1) Year Limited Warranty
Samsung,4.7,853,95,84999,6 GB RAM,128 GB ROM,31.5 cm (12.4 inch) Quad HD Display,Qualcomm Snapdragon 865 Plus,13 MP Primary Camera | 8 MP Front,1 Year Warranty Provided by the Manufacturer from Date of Purchase
Samsung,4.5,15726,1185,31999,4 GB RAM,128 GB ROM,26.42 cm (10.4 inch) Full HD Display,Qualcomm SDM720G (Octa-Core),8.0 MP Primary Camera | 5 MP Front,1 Year Manufacturer Warranty for Tablet and 6 Months Warranty for in the Box Accessories
Samsung,4.5,72,4,63999,8 GB RAM,128 GB ROM,33.27 cm (13.1 inch) WUXGA+ Display,Exynos 1580,13 Megapixels MP Primary Camera | 12 MP Front,1 Year Manufacturer Warranty for Device and 6 Months for in-box accessories
Apple,4.5,126,7,109900,8GB,256GB,27.94 cm (11.0 inch) Display,Apple M3 Chip,12 MP Primary Camera | 12 MP Front,1 Year Brand Warranty
Samsung,4.5,3043,213,59999,6 GB RAM,128 GB ROM,31.5 cm (12.4 inches) Full HD Display,Snapdragon 700 Series,8 MP Primary Camera,1 Year Manufacturer Warranty for Tablet and 6 Months Warranty for in the Box Accessories
Apple,4.6,225,16,99900,8 GB RAM,128 GB ROM,32.77 cm (12.9 inches) Quad HD Display,Apple M4 Chip,12 MP Primary Camera | 12 MP Front,1 Year Warranty
Samsung,4.5,31778,1196,18999,4 GB RAM,64 GB ROM,27.94 cm (11.0 inch) WQXGA Display,QUALCOMM SM6375,8.0 MP Primary Camera | 5 MP Front,Apple One (1) Year Limited Warranty
Apple,4.7,1083,48,104900,8GB,256GB,27.94 cm (11.0 Inch) Display,Apple M2 Chip,12 MP Primary Camera | 12 MP Front,Apple One (1) Year Limited Warranty
Apple,4.6,12007,1653,38600,6GB,128GB,24.64 cm (9.7 inch) Full HD Display,A9 Chip with 64-bit Architecture with Embedded M9 Co-processor,8.0 MP Primary Camera | 1.2 MP Front,Apple One (1) Year Limited Warranty
Apple,4.7,1083,48,59900,8GB,256GB,27.94 cm (11.0 Inch) Display,Apple M2 Chip,12 MP Primary Camera | 12 MP Front,Apple One (1) Year Limited Warranty
Lenovo,3.8,852,66,13500,2 GB RAM,32 GB ROM,17.78 cm (7 inches) Display,"MediaTek MT8765 (4 Cores, 4 x A53 at 1.3 GHz)",2.0 MP Primary Camera | 2 MP Front,1 Year Warranty
Lenovo,4.4,2186,344,27000,4 GB RAM,64 GB ROM,20.32 cm (8 inch) Display,Mediatek Helio G88,8.0 MP Primary Camera,Apple One (1) Year Limited Warranty
